,0,1,2,3,4,5,6,7,8,9,10,11,12,13,14,15,16,17,18,19,20,21,22,23,24,25,26,27,28,29,30,31,32,33,34,35,36,37,38,39
document_1,kemeja,bagus,beli,kemeja,toko,kemeja,asli,bagus,bahan,adem,gerah,nerawang,kamera,jelek,kemeja,asli,bagus,banget,bohong,sumpah,,,,,,,,,,,,,,,,,,,,
document_2,jahit,rapi,cuman,benang,jahit,jelek,,,,,,,,,,,,,,,,,,,,,,,,,,,,,,,,,,
document_3,sesuai,harga,tipis,oke,warna,abu,kalo,foto,kayak,biru,dikit,terimakasih,seller,,,,,,,,,,,,,,,,,,,,,,,,,,,
document_4,gila,bagus,nila,lembut,baju,kirain,tipis,kayak,kemeja,ku,kayak,kaos,baju,bagus,harga,segitu,nila,terimakasih,yah,pesan,,,,,,,,,,,,,,,,,,,,
document_5,kain,bagus,halus,buka,kotor,warna,putih,,,,,,,,,,,,,,,,,,,,,,,,,,,,,,,,,
document_6,bagus,harga,segitu,kain,tipis,banget,tebal,banget,kalo,putih,pake,dalem,biar,nerawang,bagus,kirim,,,,,,,,,,,,,,,,,,,,,,,,
document_7,harga,mahal,bahan,tipis,banget,kirim,warna,foto,asli,maaf,foto,sesuai,udah,cuci,,,,,,,,,,,,,,,,,,,,,,,,,,
document_8,puas,banget,takut,jelek,foto,yearbook,pas,bagus,,,,,,,,,,,,,,,,,,,,,,,,,,,,,,,,
document_9,kecewa,pesan,warna,fuschia,pink,mohon,teliti,kakak,,,,,,,,,,,,,,,,,,,,,,,,,,,,,,,,
document_10,maaf,bintang,sesuai,gambar,gambar,tutup,bokong,pas,pendek,banget,banget,pas,buka,kancing,langsung,lepas,,,,,,,,,,,,,,,,,,,,,,,,
document_11,bagus,banget,timpal,dg,barang,besok,beli,xixi,,,,,,,,,,,,,,,,,,,,,,,,,,,,,,,,
document_12,terimakasih,baju,udah,coba,kirim,aja,,,,,,,,,,,,,,,,,,,,,,,,,,,,,,,,,,
document_13,foto,asli,bahan,aga,panas,sesuai,harga,emas,rapi,kirim,beda,kota,nungu,ready,,,,,,,,,,,,,,,,,,,,,,,,,,
document_14,bahan,bagus,si,pendek,kecewa,butuh,,,,,,,,,,,,,,,,,,,,,,,,,,,,,,,,,,
document_15,lambat,bngt,anjir,,,,,,,,,,,,,,,,,,,,,,,,,,,,,,,,,,,,,
document_16,bahan,tipisuntung,milih,wrn,gelapas,d,badan,,,,,,,,,,,,,,,,,,,,,,,,,,,,,,,,,
document_17,barang,sesuai,ekspektasi,bahan,beda,dingin,contoh,kurir,gila,nganter,rumah,suruh,ambil,milihnya,sampe,rumah,bkn,ambil,,,,,,,,,,,,,,,,,,,,,,
document_18,nyesel,belik,harga,segitu,kain,bagus,banget,bikin,gerah,asliknyesel,de,beli,,,,,,,,,,,,,,,,,,,,,,,,,,,,
document_19,tau,bilang,asli,bagus,banget,guys,harga,e,rb,aja,kwalitas,bagus,pol,bahan,jatuh,gitu,kek,kemeja,mahal,murah,banget,kwalitas,oke,makasih,seller,fiks,si,langanan,nyesel,beli,nextime,beli,warnah,hitam,,,,,,
document_20,bagus,adem,bahan,harga,segitu,jgn,ragu,ragu,beli,toko,buru,cek,out,terimakasih,seller,love,love,,,,,,,,,,,,,,,,,,,,,,,
document_21,trauma,beli,bahan,katun,pas,asli,kaya,bahan,bau,bau,gt,bad,bahan,kresek,,,,,,,,,,,,,,,,,,,,,,,,,,
document_22,uda,si,kasih,nilai,kemeja,harga,segitu,murahin,dikit,si,bahan,tipis,panas,terawang,warna,putih,yasudahlah,musti,dobel,pake,manset,biar,gk,nerawang,banget,,,,,,,,,,,,,,,
document_23,bahan,lembut,enga,nerawang,beli,warna,gelap,bagus,harga,segitu,,,,,,,,,,,,,,,,,,,,,,,,,,,,,,
document_24,kirim,respon,jual,bahan,tipis,banget,lumayan,,,,,,,,,,,,,,,,,,,,,,,,,,,,,,,,,
document_25,sumpah,baju,rb,keren,ngerti,bener,luar,ekspektasibahanya,tu,bahan,abal,gtu,adem,kasar,nila,pokok,koleksi,warna,lai,ni,thx,ka,,,,,,,,,,,,,,,,,,
document_26,sumpah,tipis,banget,kemeja,terawang,banget,simpel,kemeja,aja,gitu,mahal,harga,sigitu,,,,,,,,,,,,,,,,,,,,,,,,,,,
document_27,hem,bagus,bangetmo,meningoygak,kecewa,nyesel,jugaharga,e,mantul,makasih,udah,waktuadmin,e,fast,respon,banget,gede,pas,bad,b,,,,,,,,,,,,,,,,,,,,
document_28,adem,bahan,tipis,tebal,,,,,,,,,,,,,,,,,,,,,,,,,,,,,,,,,,,,
document_29,baju,dasar,kasar,ngak,soft,ngak,serap,keringat,tipis,nerawang,,,,,,,,,,,,,,,,,,,,,,,,,,,,,,
document_30,lmyan,bagus,bhanya,bju,putih,pake,dalem,sukses,seller,terimakasih,,,,,,,,,,,,,,,,,,,,,,,,,,,,,,
document_31,ukuranya,pas,bahan,panas,makasih,babang,kurir,,,,,,,,,,,,,,,,,,,,,,,,,,,,,,,,,
document_32,barang,cepet,banget,nyampenya,gilak,sen,kemarin,pagi,sore,tau,aja,klo,urgent,bahan,lumayan,kaya,nerawang,dikit,gapapa,tingal,pake,manset,baju,noda,kerahnyatapi,gapapa,overal,oke,maciew,seller,,,,,,,,,,
document_33,bahan,alus,tipis,engak,nerawang,kalo,warna,gelap,kirim,cepet,recomended,ganti,,,,,,,,,,,,,,,,,,,,,,,,,,,,
document_34,bro,g,segituentahlah,komen,kalo,bahan,tipis,g,ukuranya,,,,,,,,,,,,,,,,,,,,,,,,,,,,,,,
document_35,okesih,ketiak,kecil,buat,kayak,ku,jual,lg,,,,,,,,,,,,,,,,,,,,,,,,,,,,,,,,
document_36,barang,udh,smpe,emas,banget,mngkin,krn,pengirimanya,jg,telat,bahan,adem,tebal,tipis,nila,to,buy,anw,army,lumayan,gelap,dr,foto,but,tp,oke,,,,,,,,,,,,,,
document_37,bahan,bagus,polgak,merawangak,panas,dipake,jugathre,bets,suka,banget,,,,,,,,,,,,,,,,,,,,,,,,,,,,,,
document_38,bahan,tipis,banget,kaku,kayak,panas,gitu,tau,kalo,udah,cuci,ntar,gimana,,,,,,,,,,,,,,,,,,,,,,,,,,,
document_39,asli,picture,tp,kecil,gk,bs,maka,duh,mo,beli,jual,rugi,aja,,,,,,,,,,,,,,,,,,,,,,,,,,,
document_40,asli,pick,kecewa,harga,sesuai,slamet,,,,,,,,,,,,,,,,,,,,,,,,,,,,,,,,,,
document_41,beli,toko,kali,kecewa,baju,warna,putih,kotor,baju,putih,kyknya,ukur,pakai,klw,noda,hilang,bintang,ubah,,,,,,,,,,,,,,,,,,,,,,
document_42,bagus,banget,bahan,tipis,,,,,,,,,,,,,,,,,,,,,,,,,,,,,,,,,,,,
document_43,kirim,,,,,,,,,,,,,,,,,,,,,,,,,,,,,,,,,,,,,,,
document_44,baju,kotor,leher,,,,,,,,,,,,,,,,,,,,,,,,,,,,,,,,,,,,,
document_45,kaka,kerah,ko,bolong,kirim,jg,,,,,,,,,,,,,,,,,,,,,,,,,,,,,,,,,,
document_46,kecewabngatkirain,katun,gkayak,kain,kafan,gitubahanya,jatuh,,,,,,,,,,,,,,,,,,,,,,,,,,,,,,,,,
document_47,bahan,lumayan,harga,segitu,cuman,warna,kirim,beda,sma,foto,pesan,moca,tpi,gelap,foto,kyak,coklat,pramuka,,,,,,,,,,,,,,,,,,,,,,
document_48,kaliny,beli,kemeja,dsni,lembut,banget,lumayan,tebal,jg,pdhl,hargany,mahal,,,,,,,,,,,,,,,,,,,,,,,,,,,,
document_49,kecewa,bahan,y,jelek,panas,warna,sesuai,ekspektasi,kancing,baju,y,sesuai,foto,harga,rupa,,,,,,,,,,,,,,,,,,,,,,,,,
document_50,kemeja,bagus,banget,nyesel,beli,tp,gapapa,pesan,hehe,makas,seller,amanah,mas,kurir,,,,,,,,,,,,,,,,,,,,,,,,,,
document_51,bahan,bagus,adem,dipake,tebal,kirim,barang,puas,,,,,,,,,,,,,,,,,,,,,,,,,,,,,,,,
document_52,kirim,kualitas,produk,tipis,nerawang,mnyesal,belanja,d,toko,,,,,,,,,,,,,,,,,,,,,,,,,,,,,,,
document_53,terang,gambar,baju,kecewa,,,,,,,,,,,,,,,,,,,,,,,,,,,,,,,,,,,,
document_54,jelek,bgtnyeselbelinyabahanya,tipis,banget,gk,sesuai,ekspetasi,,,,,,,,,,,,,,,,,,,,,,,,,,,,,,,,,
document_55,kecewa,model,kaku,banget,kaya,kerja,training,gambar,casual,gitu,huh,,,,,,,,,,,,,,,,,,,,,,,,,,,,,
document_56,kain,tipis,kemeja,kecil,pengirimanya,banget,nyesel,bnget,udh,pesan,,,,,,,,,,,,,,,,,,,,,,,,,,,,,,
document_57,model,tunik,cantik,warna,grey,cantik,harga,reasonable,pengirimanya,banget,its,a,god,product,though,,,,,,,,,,,,,,,,,,,,,,,,,
document_58,pesan,nyamapai,ni,kirim,mingu,bahan,jelek,harga,gin,mahal,bahan,tipis,,,,,,,,,,,,,,,,,,,,,,,,,,,,
document_59,warna,abu,gelap,jd,wrn,hitam,ukuranya,jd,xl,xl,bahan,tipis,tebal,,,,,,,,,,,,,,,,,,,,,,,,,,,
document_60,bahan,adem,bagus,salah,kirim,warna,sen,warna,biru,kirim,warna,grey,rit,anteraja,ramah,,,,,,,,,,,,,,,,,,,,,,,,,
document_61,trimksh,sdh,sampaibhn,agk,tipis,tp,lembut,kirain,warna,abu,muda,pict,eh,abu,gelap,seprti,kali,pictnya,ganti,biar,beli,g,kecewa,saran,aja,jual,beli,smga,kdepnya,lbh,,,,,,,,,,
document_62,warna,sesuai,fototerlalu,gelap,,,,,,,,,,,,,,,,,,,,,,,,,,,,,,,,,,,,
document_63,paket,q,uda,sampe,selamat,tp,syng,kecewa,wrny,beda,abu,tua,tu,,,,,,,,,,,,,,,,,,,,,,,,,,,
document_64,kecewa,bahan,tipis,bangat,,,,,,,,,,,,,,,,,,,,,,,,,,,,,,,,,,,,
document_65,nyampenya,,,,,,,,,,,,,,,,,,,,,,,,,,,,,,,,,,,,,,,
document_66,warna,jreng,banget,kirain,sof,jreng,ngeri,make,cocok,badan,bingung,pake,celana,wrna,enk,wrnanya,mending,ambil,wrna,klo,beli,jng,cho,klo,model,mending,la,,,,,,,,,,,,,
document_67,warna,nyala,tpi,kalo,foto,gitu,gk,tau,trus,kain,licin,enak,si,kalo,dipake,suka,bingung,stylenya,gimana,lenga,sampe,siku,suka,banget,tpi,jahit,bgian,dalem,rpi,dirapihin,,,,,,,,,,
document_68,ragu,harga,murah,banget,liat,komentnya,positif,banget,suka,beli,tpi,takut,nyesel,suka,banget,harga,kualitas,oke,banget,so,kali,beli,langsung,smua,gada,rusakbikin,kecewa,omgt,trims,reseler,kurir,amanah,banget,,,,,,,
document_69,bahan,oke,ekspektasi,tu,lenga,cantung,gitu,cantung,whehe,,,,,,,,,,,,,,,,,,,,,,,,,,,,,,,
document_70,kecewa,bnget,,,,,,,,,,,,,,,,,,,,,,,,,,,,,,,,,,,,,,
document_71,pese,cardigan,batwing,pasmina,kecewa,,,,,,,,,,,,,,,,,,,,,,,,,,,,,,,,,,,
document_72,baju,robek,fatal,banget,sumpah,kecewa,parah,toko,kali,teliti,,,,,,,,,,,,,,,,,,,,,,,,,,,,,,
document_73,bagus,bahan,tipis,dn,keset,gitu,lenga,pendek,sesi,doang,sesuai,harga,,,,,,,,,,,,,,,,,,,,,,,,,,,,
document_74,kecewasaya,pesan,hitam,abu,abu,sampe,kali,teliti,kaksoalnya,orang,,,,,,,,,,,,,,,,,,,,,,,,,,,,,,
document_75,kain,mayan,ukur,pas,si,badan,tpy,cacat,bolong,pundak,untung,g,liat,tpy,gp,,,,,,,,,,,,,,,,,,,,,,,,,
document_76,kirim,baju,aja,jilbab,adapadahal,pesan,jilbab,,,,,,,,,,,,,,,,,,,,,,,,,,,,,,,,,
document_77,gila,inisih,cardigan,nyaman,enak,banget,pergi,pergi,,,,,,,,,,,,,,,,,,,,,,,,,,,,,,,,
document_78,respon,seller,buruk,dichat,balas,dichat,aju,batal,tolak,sat,barang,proses,kirim,respon,kirim,kai,yaiyalah,oiya,leher,cardinganya,cutinganya,aneh,banget,mending,gausah,,,,,,,,,,,,,,,
document_79,cepet,banget,kirim,kudus,jawa,bekas,hari,doang,sampe,kaget,neng,,,,,,,,,,,,,,,,,,,,,,,,,,,,,
document_80,gila,bgus,bngt,terimakasih,poko,bkl,langanan,,,,,,,,,,,,,,,,,,,,,,,,,,,,,,,,,
document_81,aneh,baju,bikin,emosi,pas,banget,d,badan,ngantung,plus,nyekek,banget,d,leher,klok,d,pakek,tarik,lenga,pas,d,pakek,baju,nyesel,banget,,,,,,,,,,,,,,,
document_82,leng,pendek,bngt,nerawang,,,,,,,,,,,,,,,,,,,,,,,,,,,,,,,,,,,,
document_83,,,,,,,,,,,,,,,,,,,,,,,,,,,,,,,,,,,,,,,,
document_84,kirim,,,,,,,,,,,,,,,,,,,,,,,,,,,,,,,,,,,,,,,
document_85,sen,kirim,,,,,,,,,,,,,,,,,,,,,,,,,,,,,,,,,,,,,,
document_86,sesuai,motif,beda,banget,foto,kancing,notabene,hias,aja,lurus,kecewa,,,,,,,,,,,,,,,,,,,,,,,,,,,,,
document_87,bagus,banget,barang,foto,asli,kirim,jg,cepat,sy,krn,review,byk,blg,smpe,mgu,cepat,makasih,seller,cus,beli,beli,jgn,ragu,mahal,tp,barang,mg,ngak,murah,,,,,,,,,,,
document_88,kirim,banget,trs,gambar,warna,cream,muda,gitu,pas,warna,putih,dih,,,,,,,,,,,,,,,,,,,,,,,,,,,,
document_89,lihat,note,sy,bunga,warna,biru,bunga,warna,putih,sy,tau,baca,note,tau,diam,info,main,kirim,,,,,,,,,,,,,,,,,,,,,,
document_90,gila,bagus,banget,nyesel,stok,tingal,cus,gw,pesan,makasih,sucses,,,,,,,,,,,,,,,,,,,,,,,,,,,,,
document_91,corak,pas,beda,foto,bahan,jatuh,adem,tipis,nerawang,pas,banget,tingi,bnya,kirim,gapapa,barang,selamat,thank,you,,,,,,,,,,,,,,,,,,,,,
document_92,baju,cantik,ngak,kecewa,pokok,bahan,adem,,,,,,,,,,,,,,,,,,,,,,,,,,,,,,,,,
document_93,cepat,kirim,lumayan,lambat,,,,,,,,,,,,,,,,,,,,,,,,,,,,,,,,,,,,
document_94,pengirimanya,,,,,,,,,,,,,,,,,,,,,,,,,,,,,,,,,,,,,,,
document_95,kali,beli,bagus,ongkir,kalo,,,,,,,,,,,,,,,,,,,,,,,,,,,,,,,,,,,
document_96,baju,bagus,banget,tanganya,pendek,pas,pokok,,,,,,,,,,,,,,,,,,,,,,,,,,,,,,,,,
document_97,maaf,foto,aga,lenceng,kemeja,oke,pendek,lengan,bahan,oke,suka,ama,kemeja,aga,kecil,hehe,,,,,,,,,,,,,,,,,,,,,,,,
document_98,cantik,baju,udh,kali,pesan,foto,pesan,baju,,,,,,,,,,,,,,,,,,,,,,,,,,,,,,,,
document_99,bagus,banget,asli,ragu,chekout,gys,map,sempet,ngefoto,kemeja,udah,keburu,dipake,sma,spu,,,,,,,,,,,,,,,,,,,,,,,,,
document_100,baju,pendek,bnget,lenga,sy,fikir,jd,dipake,penguna,hijab,kain,tipis,bget,terawang,jahit,kasar,,,,,,,,,,,,,,,,,,,,,,,,
document_101,bahan,jatoh,adem,gede,enga,hihi,maciw,pesan,,,,,,,,,,,,,,,,,,,,,,,,,,,,,,,,
document_102,wkwkw,kocak,produk,baju,sesuai,dg,gambar,tanganya,pendek,gabisa,gabilang,aneh,banget,baju,,,,,,,,,,,,,,,,,,,,,,,,,,
document_103,bagus,pol,model,tangan,kayak,liat,bngt,,,,,,,,,,,,,,,,,,,,,,,,,,,,,,,,,
document_104,alhamdulilah,udah,adem,parah,bahan,tanganya,rada,gede,lenga,tp,model,sukak,,,,,,,,,,,,,,,,,,,,,,,,,,,,
document_105,tiga,kali,beli,cutingnya,cocok,banget,bikin,liat,kurus,wey,skrg,harga,,,,,,,,,,,,,,,,,,,,,,,,,,,,
document_106,kirim,cepet,banget,bah,adem,rayon,nga,tipis,gitu,suka,pesan,,,,,,,,,,,,,,,,,,,,,,,,,,,,,
document_107,plis,inimah,nyesel,beli,doang,bahan,adem,pis,nga,gerah,cuy,mikir,gede,tpi,liat,montok,parah,cpt,banget,hari,beli,warna,sage,,,,,,,,,,,,,,,,,
document_108,bagus,banget,racun,kakak,alda,lengan,model,oversize,,,,,,,,,,,,,,,,,,,,,,,,,,,,,,,,
document_109,bagus,banget,langanan,bosan,bahan,adem,sejuk,nerawang,,,,,,,,,,,,,,,,,,,,,,,,,,,,,,,,
document_110,xnya,beli,top,harga,murah,murah,kualitas,,,,,,,,,,,,,,,,,,,,,,,,,,,,,,,,,
document_111,keren,nih,bahan,adem,sempet,salah,beli,toko,belah,model,beda,bahan,god,seller,recomended,banget,,,,,,,,,,,,,,,,,,,,,,,,
document_112,warna,kayak,foto,warna,tua,foto,duh,mdh,cust,kecewa,,,,,,,,,,,,,,,,,,,,,,,,,,,,,,
document_113,udah,kali,belanja,disinidan,bagusbut,bahan,kali,kasar,aja,siyang,kemarin,bener,halus,maybe,cuci,dapet,wbahan,halus,,,,,,,,,,,,,,,,,,,,,,
document_114,kali,beli,kecewa,terimakasih,seller,,,,,,,,,,,,,,,,,,,,,,,,,,,,,,,,,,,
document_115,paket,nyanpenya,cepet,banget,haei,paket,ku,eh,kemeja,bagus,bahan,lembut,tebal,tipis,nila,harga,segitu,oh,iya,coksunya,pink,pake,flash,kayak,pink,gitu,,,,,,,,,,,,,,
document_116,buagus,banget,gila,harga,segitu,kain,adem,banget,jatuh,sukak,beli,ah,hehehehehehe,,,,,,,,,,,,,,,,,,,,,,,,,,,
document_117,bagus,banget,recomended,beli,toko,ragu,ges,gud,muat,kg,xixixi,,,,,,,,,,,,,,,,,,,,,,,,,,,,,
document_118,bagus,banget,astaga,kacau,fix,banget,nti,rebuy,woe,,,,,,,,,,,,,,,,,,,,,,,,,,,,,,,
document_119,bahan,adem,warna,soft,pokok,bagus,pol,udah,beli,kali,bagus,,,,,,,,,,,,,,,,,,,,,,,,,,,,,
document_120,beli,keduakalinya,gapernah,gagal,tengkyu,endorse,akudong,ahahaha,,,,,,,,,,,,,,,,,,,,,,,,,,,,,,,,
document_121,beli,model,kaya,gin,toko,beda,warna,aja,bedan,bahan,bagus,bahan,rawang,bahan,langsung,klihatan,adem,bahan,rayon,,,,,,,,,,,,,,,,,,,,,
document_122,harga,gin,tp,nila,itmau,ber,ekspetasi,katun,rayon,mal,salah,cuting,an,blakang,sinkronmiring,gtu,simetris,,,,,,,,,,,,,,,,,,,,,,,
document_123,baju,bgus,bahan,adem,jumbo,ukuranya,tanganya,pendek,baget,tp,gapapa,bagus,,,,,,,,,,,,,,,,,,,,,,,,,,,,
document_124,bahan,super,adem,banget,kain,lemes,gitu,jatuh,cmn,gede,maka,kayak,hamil,,,,,,,,,,,,,,,,,,,,,,,,,,,
document_125,masya,cantik,nyesel,pesan,makas,ka,insya,pesan,warna,bahan,tebal,tipis,sesuai,harga,ku,syuka,,,,,,,,,,,,,,,,,,,,,,,,
document_126,bagus,baju,kain,jatuh,dingin,pokok,rugi,klo,beli,bagus,,,,,,,,,,,,,,,,,,,,,,,,,,,,,,
document_127,bahan,adem,kualitas,standar,lengan,lebib,pendek,drpd,kir,,,,,,,,,,,,,,,,,,,,,,,,,,,,,,,
document_128,sumpah,bagus,banget,bahan,adem,pengirimanya,cepet,banget,sampe,kaget,udh,sampe,aja,ngknyesel,kecewa,pesan,lg,tp,warna,dipgn,dh,keburu,habis,,,,,,,,,,,,,,,,,
document_129,oke,banget,kecewa,ih,besok,belanja,aja,,,,,,,,,,,,,,,,,,,,,,,,,,,,,,,,,
document_130,adem,bingit,bahan,suka,sayang,dikit,tpi,kualitas,tetep,oke,,,,,,,,,,,,,,,,,,,,,,,,,,,,,,
document_131,kemeja,bagus,banget,bahan,warna,bener,bener,soft,banget,norak,gt,bahan,jura,banget,,,,,,,,,,,,,,,,,,,,,,,,,,
document_132,bagus,banget,kemeja,bs,outer,lenga,pendek,bahan,adem,thank,you,,,,,,,,,,,,,,,,,,,,,,,,,,,,,
document_133,bahan,adem,kain,jatuh,gtu,panas,bikin,gerah,sayang,pendek,pas,pingang,dikit,suka,bngt,,,,,,,,,,,,,,,,,,,,,,,,,
document_134,bagus,banget,barang,original,rusa,pesan,terimakasih,,,,,,,,,,,,,,,,,,,,,,,,,,,,,,,,,
document_135,kecewa,barang,asli,pic,banget,adem,pake,pas,banget,cuaca,panasmakasih,kakak,,,,,,,,,,,,,,,,,,,,,,,,,,,,
document_136,best,banget,mah,nyesel,model,sen,bahan,lembut,syuka,pokok,terimakasih,seller,insya,langanan,kirim,lambat,turut,,,,,,,,,,,,,,,,,,,,,,,
document_137,suka,banget,bahan,ademn,parah,,,,,,,,,,,,,,,,,,,,,,,,,,,,,,,,,,,
document_138,bagus,bahan,adem,model,cocok,bagus,banget,taste,aja,,,,,,,,,,,,,,,,,,,,,,,,,,,,,,,
document_139,cepet,banget,kemarin,sen,langsung,bahan,bagus,rayon,lenga,pendek,overal,oke,bagus,,,,,,,,,,,,,,,,,,,,,,,,,,,
document_140,nyangka,cepet,banget,sampenya,bahan,bagus,bangetadem,dipakebener,bener,ngecewain,nyesel,beli,doangbakal,beli,si,,,,,,,,,,,,,,,,,,,,,,,,,
document_141,alhamdulilah,barang,bagus,kalo,bahan,terawang,nga,tau,bahan,rayon,tetep,terawang,harga,mahal,nga,nila,turut,harga,segitu,,,,,,,,,,,,,,,,,,,,,
document_142,fix,bgus,parahmksh,seller,,,,,,,,,,,,,,,,,,,,,,,,,,,,,,,,,,,,
document_143,bahan,adem,bangetlembut,nyangka,bagus,warna,norak,,,,,,,,,,,,,,,,,,,,,,,,,,,,,,,,,
document_144,gila,whorit,banget,sumpah,bahan,adem,pesan,,,,,,,,,,,,,,,,,,,,,,,,,,,,,,,,,
document_145,kali,beli,beli,bagus,,,,,,,,,,,,,,,,,,,,,,,,,,,,,,,,,,,,
document_146,bahan,bagus,adem,jatoh,rada,kecewa,warna,lilac,kirim,abu,kecewa,banget,jd,males,kalo,beli,teh,,,,,,,,,,,,,,,,,,,,,,,
document_147,bagus,banget,bahan,adem,nerawang,best,kirim,aja,overal,god,oder,,,,,,,,,,,,,,,,,,,,,,,,,,,,,
document_148,baju,tipis,nerawang,untung,warna,item,kalo,warna,laen,nerawang,kain,kasar,,,,,,,,,,,,,,,,,,,,,,,,,,,,
document_149,bahan,adem,tipis,,,,,,,,,,,,,,,,,,,,,,,,,,,,,,,,,,,,,
document_150,bagus,bgtbahan,adem,dn,tebalga,tipis,,,,,,,,,,,,,,,,,,,,,,,,,,,,,,,,,,
document_151,bahan,bikin,gerah,jatuh,,,,,,,,,,,,,,,,,,,,,,,,,,,,,,,,,,,,
document_152,legan,q,dikit,,,,,,,,,,,,,,,,,,,,,,,,,,,,,,,,,,,,,
document_153,nyesel,beli,,,,,,,,,,,,,,,,,,,,,,,,,,,,,,,,,,,,,,
document_154,bahan,panas,nerawang,katun,kaya,pesan,kecewa,ih,,,,,,,,,,,,,,,,,,,,,,,,,,,,,,,,
document_155,udah,brapa,kali,beli,toko,bahan,kecewa,adem,banget,,,,,,,,,,,,,,,,,,,,,,,,,,,,,,,
document_156,bgaus,banget,taukayak,kemeja,mahal,gitulembut,banget,ni,pesan,si,,,,,,,,,,,,,,,,,,,,,,,,,,,,,,
document_157,rada,jengkel,pengirimanya,lelet,tp,itu,dr,kurir,bkn,dr,owner,baju,bagus,bgtbahan,adem,trs,jg,nerawang,pokok,luv,banget,nyesel,thank,you,,,,,,,,,,,,,,,,
document_158,i,love,so,much,bahan,rayon,emng,the,best,gk,tipis,gk,tebal,adem,parah,suka,banget,beli,warna,cute,parah,gemoy,,,,,,,,,,,,,,,,,,
document_159,kemaren,tetanga,beli,racun,bagus,gais,kemeja,,,,,,,,,,,,,,,,,,,,,,,,,,,,,,,,,
document_160,pengirimanya,cepet,banget,sen,sabtu,pagi,mingu,siang,baju,lumayan,oke,harga,segitu,terawang,baju,putih,wajar,terawang,bahan,flowyadem,baju,bayangin,wkwk,overal,,,,,,,,,,,,,,,,
document_161,bahan,rayon,adem,tangan,y,ngatung,pas,dipake,kaya,lengan,blm,coba,moga,gede,terimakasih,,,,,,,,,,,,,,,,,,,,,,,,,
document_162,bagos,nyesal,beli,pengemasanua,hari,doang,the,best,,,,,,,,,,,,,,,,,,,,,,,,,,,,,,,,
document_163,ragu,rekomend,banget,th,u,seller,,,,,,,,,,,,,,,,,,,,,,,,,,,,,,,,,,
document_164,thank,you,ka,kacamata,udah,sampe,nih,kualitas,bagus,harga,murah,rada,besar,tp,muka,tp,gp,puas,,,,,,,,,,,,,,,,,,,,,,
document_165,kualitas,produk,asli,pict,pengirimanya,tpi,oke,harga,segitu,,,,,,,,,,,,,,,,,,,,,,,,,,,,,,,
document_166,tipisjadi,ringkih,putih,kaca,retakeh,kerangka,nyabpatahjadi,kaca,lepaspas,buka,packing,kaca,lepasmungkin,tumpuk,pas,expedisi,udah,pake,buble,,,,,,,,,,,,,,,,,,,,,
document_167,beli,kaca,copot,varian,model,sesuai,order,kecewa,harga,murah,iya,rugi,kacamata,d,pakai,moga,kali,teliti,kirim,barang,bintang,tega,,,,,,,,,,,,,,,,,,
document_168,kacamata,gelap,mau,gelap,kacamata,bawa,adek,foto,makasih,,,,,,,,,,,,,,,,,,,,,,,,,,,,,,,
document_169,bagus,kacamata,mewah,kayak,mahal,banget,gt,tebal,no,kaleng,,,,,,,,,,,,,,,,,,,,,,,,,,,,,,
document_170,kaca,mata,bagus,banget,harga,segitu,kacamata,mahal,nyesel,beli,kacamata,pesan,,,,,,,,,,,,,,,,,,,,,,,,,,,,
document_171,pengirimanpengemasan,lumayan,cepet,harga,murce,banget,tp,liat,kek,mahal,model,bagus,thank,u,,,,,,,,,,,,,,,,,,,,,,,,,,
document_172,sebenernya,rusak,cuman,kaca,gede,banget,kaya,beda,gambar,kirim,he,papa,makasih,,,,,,,,,,,,,,,,,,,,,,,,,,,
document_173,kacamata,keren,banget,suka,tambah,kekecewan,badai,langanan,ni,,,,,,,,,,,,,,,,,,,,,,,,,,,,,,,
document_174,kacamata,adan,bagus,gagang,longar,dikit,belah,oke,,,,,,,,,,,,,,,,,,,,,,,,,,,,,,,,
document_175,mantap,ragu,beli,tahan,,,,,,,,,,,,,,,,,,,,,,,,,,,,,,,,,,,,
document_176,pesan,kacamata,gm,black,pcs,datang,bener,pcs,sajayang,pcs,bungkus,pcs,tau,model,apayang,gm,repeat,pesan,lusin,bungkus,gentle,monster,gentle,mustangtolong,chek,lg,,,,,,,,,,,,,,
document_177,sy,pesan,titik,kirim,titik,klo,stok,bilang,sy,kirim,suka,hati,udah,langanan,disni,udah,kali,belanja,ko,kali,kecewa,banget,,,,,,,,,,,,,,,,,,
document_178,alhamdulilah,guys,kali,kali,pesan,nga,kecewa,harga,gila,banget,miring,toko,tengkyu,kakak,lancar,langanan,kakak,,,,,,,,,,,,,,,,,,,,,,,
document_179,sma,kaya,si,gentle,mustang,coba,tau,beli,aja,tingkat,packingnya,bilang,live,fre,buble,wrap,dtang,pake,plastik,hitam,untung,pecah,kacamata,,,,,,,,,,,,,,,,,
document_180,paket,langanan,terimakasih,seller,,,,,,,,,,,,,,,,,,,,,,,,,,,,,,,,,,,,
document_181,terimakasih,paket,stelah,kirim,untung,sampe,lebaran,over,al,smua,barang,bagus,emas,oke,,,,,,,,,,,,,,,,,,,,,,,,,,
document_182,bagus,banget,buble,wrap,tebal,beli,langsung,kecewa,makasih,,,,,,,,,,,,,,,,,,,,,,,,,,,,,,,
document_183,toko,barang,adkinya,top,banget,dikaish,buble,warp,gal,beli,makasih,banget,,,,,,,,,,,,,,,,,,,,,,,,,,,,
document_184,barang,terimakasih,seller,masa,,,,,,,,,,,,,,,,,,,,,,,,,,,,,,,,,,,,
document_185,nanti,pengirimanya,packingnya,buka,tau,udah,kek,gitu,untung,gda,barang,ilang,,,,,,,,,,,,,,,,,,,,,,,,,,,,
document_186,sampek,pdahal,ket,dr,negri,sampe,kesel,sensiri,nungunya,,,,,,,,,,,,,,,,,,,,,,,,,,,,,,,
document_187,kacamata,bagus,banget,harga,murah,g,kalah,kacamata,mahal,terimakasih,seller,shope,,,,,,,,,,,,,,,,,,,,,,,,,,,,
document_188,kirim,admin,respon,kualitas,produk,standar,,,,,,,,,,,,,,,,,,,,,,,,,,,,,,,,,,
document_189,suka,banget,brngnya,oke,salah,brngnya,salah,oke,terima,oke,banget,,,,,,,,,,,,,,,,,,,,,,,,,,,,,
document_190,darat,sempurna,barang,bagus,kecewa,terimakasih,,,,,,,,,,,,,,,,,,,,,,,,,,,,,,,,,,
document_191,sumpah,kece,parah,kacamata,nyesel,beli,,,,,,,,,,,,,,,,,,,,,,,,,,,,,,,,,,
document_192,mantul,harga,gin,hihi,mantap,moga,tahan,kirim,standar,kacamata,bagus,nila,,,,,,,,,,,,,,,,,,,,,,,,,,,,
document_193,bagus,kirim,bagus,,,,,,,,,,,,,,,,,,,,,,,,,,,,,,,,,,,,,
document_194,bagus,kacamata,sayang,pas,rumah,kondisi,tangkai,kacamata,patah,gimana,cacat,besok,sen,aja,,,,,,,,,,,,,,,,,,,,,,,,,,
document_195,ngk,tau,udah,pesan,kali,toko,pokok,the,best,ngk,kecewa,kalo,pesan,toko,,,,,,,,,,,,,,,,,,,,,,,,,,
document_196,oke,banget,syuka,segi,kirim,aja,lambat,kya,pas,liat,barang,keren,dech,poko,harga,murce,udh,kacamata,kece,badai,,,,,,,,,,,,,,,,,,,,
document_197,bagus,banget,woi,nila,parah,si,pas,muka,bikin,nambah,rena,,,,,,,,,,,,,,,,,,,,,,,,,,,,,
document_198,parah,kece,beudm,murmer,murah,murah,kece,badai,parah,parah,prah,,,,,,,,,,,,,,,,,,,,,,,,,,,,,
document_199,pesan,,,,,,,,,,,,,,,,,,,,,,,,,,,,,,,,,,,,,,,
document_200,kacamata,ksh,gk,lambang,trs,kliatan,murah,,,,,,,,,,,,,,,,,,,,,,,,,,,,,,,,,
document_201,sen,kirim,doang,respon,jual,banget,kembali,dana,gk,respon,,,,,,,,,,,,,,,,,,,,,,,,,,,,,,
document_202,kacamata,nga,bayar,ful,harga,tp,tangung,lapak,chat,d,bales,,,,,,,,,,,,,,,,,,,,,,,,,,,,,
document_203,asli,pictcuman,kirim,huhu,,,,,,,,,,,,,,,,,,,,,,,,,,,,,,,,,,,,
document_204,bagus,sukak,pengirimanya,cepet,ekspedisi,aja,,,,,,,,,,,,,,,,,,,,,,,,,,,,,,,,,,
document_205,emas,tokoh,lebih,hri,kirim,pdhal,uda,cancelin,aj,tpi,urgent,banget,barang,sekrang,brang,pakai,,,,,,,,,,,,,,,,,,,,,,,,
document_206,pas,buka,barang,kacamata,gk,kirim,dikirm,masker,maskara,udh,tera,kirim,kacamata,udh,aduh,kecewa,banget,toko,kali,didouble,check,min,,,,,,,,,,,,,,,,,,
document_207,sumpah,bener,bener,kecewa,bngt,beli,toko,kali,bikin,kecewa,tdinya,sen,foto,kelas,sen,udah,kayak,ginikacanya,cuman,belah,doank,lepas,lagini,gmna,si,niat,si,jual,kecewa,bngt,sumpah,,,,,,,,,
document_208,kece,banget,pas,dipake,pandanganya,engak,langsung,gelap,banget,tp,oke,pakai,panas,,,,,,,,,,,,,,,,,,,,,,,,,,,
document_209,so,gorgeous,murah,banget,toko,keratas,bas,ribu,masa,aja,sen,tgl,,,,,,,,,,,,,,,,,,,,,,,,,,,,
document_210,tau,harga,murah,tp,bener,bener,kaya,main,banget,bener,bener,bahan,plastik,pdhl,tmn,sblmnya,beli,toko,kacamata,bagus,link,toko,eh,pas,beli,bahan,kacamata,beda,pengirimanya,banget,nila,nungu,bahan,kacamata,kaya,gin,sory,,,
document_211,bagus,rb,setebel,parah,parah,parah,,,,,,,,,,,,,,,,,,,,,,,,,,,,,,,,,,
document_212,ken,kasih,bintang,ngak,ribet,shope,tolak,paksa,kasih,thk,,,,,,,,,,,,,,,,,,,,,,,,,,,,,,
document_213,topesanan,lengkaptpi,d,kemas,betd,chatbru,d,kirim,overloadmksih,,,,,,,,,,,,,,,,,,,,,,,,,,,,,,,
document_214,murah,kaca,mata,tp,syg,cacat,pingiran,tp,bs,pakai,anak,sy,bingkai,tipis,,,,,,,,,,,,,,,,,,,,,,,,,,
document_215,minus,kirim,aja,telat,langsung,kirim,h,,,,,,,,,,,,,,,,,,,,,,,,,,,,,,,,,
document_216,kacamata,potong,nungu,butuh,pas,potong,sedih,banget,,,,,,,,,,,,,,,,,,,,,,,,,,,,,,,,
document_217,bagus,rusak,,,,,,,,,,,,,,,,,,,,,,,,,,,,,,,,,,,,,,
document_218,kecewa,pesan,toko,udah,barang,kirim,salah,warna,an,barang,ngk,kirim,kembali,dana,respon,sulit,barang,udah,jual,suruh,kirim,seller,minta,dana,dito,haduh,kecewa,banget,,,,,,,,,,,,
document_219,toko,tipu,pesan,kemaren,pesan,dtg,ngk,sadar,pesan,toko,sma,tau,toko,ngk,pesan,gk,gnti,gk,ad,video,unboxingtoko,taik,,,,,,,,,,,,,,,,,,
document_220,sis,sis,cinta,pesan,kacamata,toko,alam,order,pcs,kirim,pcs,nipu,si,ownernya,udah,aju,kembali,dana,ownernya,bnyak,alas,korban,owner,nipu,,,,,,,,,,,,,,,,
document_221,barang,darat,selamat,sentosa,cacat,emas,rapi,banget,jd,gk,takut,pecah,berang,lengkap,bagus,banget,,,,,,,,,,,,,,,,,,,,,,,,
document_222,sen,kc,mt,hitam,korset,kc,mt,anti,radiasi,kc,mt,anti,radiasi,dikrm,kecewa,banget,komplen,jg,gk,bs,krn,gk,vid,unboxing,chat,seller,jg,ribetin,klo,udh,bgini,brati,toko,gk,amanah,kapok,dh,blanja,d,
document_223,neng,si,belanja,lengkap,barang,cepet,banget,barang,nila,banget,harga,mahal,kualitas,kecewa,poko,beli,thank,you,,,,,,,,,,,,,,,,,,,,,,
document_224,mantul,udah,kali,kali,langanan,barang,kecewa,,,,,,,,,,,,,,,,,,,,,,,,,,,,,,,,,
document_225,udah,nyari,nyari,kacamata,yen,kyagini,harga,murce,banget,,,,,,,,,,,,,,,,,,,,,,,,,,,,,,,
document_226,mna,salah,kirim,polos,kasih,titik,putih,,,,,,,,,,,,,,,,,,,,,,,,,,,,,,,,,
document_227,bagus,banget,murah,ngak,kecewa,pokok,pesan,,,,,,,,,,,,,,,,,,,,,,,,,,,,,,,,,
document_228,alhamdulilah,brng,udah,dtng,cepet,banget,dtngnya,cuman,rada,kecewa,sen,model,dtngnya,model,but,its,okay,kakanya,udah,bingung,bnyk,pesan,jg,makasih,udah,kirim,,,,,,,,,,,,,,
document_229,nyari,diolshop,kacamata,kaya,gin,dapet,sesui,ekspektasi,harga,murah,tpi,kualitas,nga,murahanmaksih,kakak,huhu,neng,banget,,,,,,,,,,,,,,,,,,,,,,
document_230,barang,cacat,kirim,,,,,,,,,,,,,,,,,,,,,,,,,,,,,,,,,,,,,
document_231,untung,beli,cacat,mental,,,,,,,,,,,,,,,,,,,,,,,,,,,,,,,,,,,,
document_232,kirim,flas,sale,kaca,noda,hilang,,,,,,,,,,,,,,,,,,,,,,,,,,,,,,,,,,
document_233,udh,ingatin,cek,unit,biar,kyak,toko,sebelahternyata,ajabukan,harga,puas,pelang,utama,refund,barang,murah,kalah,ongkir,nyayaudah,smoga,depa,pentingin,puas,pelang,biar,kecewa,,,,,,,,,,,,,,
document_234,barang,sesuai,pesan,kirim,telat,aneh,pas,tali,ko,copot,paten,,,,,,,,,,,,,,,,,,,,,,,,,,,,,
document_235,bagus,rusak,mohon,return,kakak,sampe,skrg,jam,bom,pakai,,,,,,,,,,,,,,,,,,,,,,,,,,,,,,
document_236,syg,banget,maron,tombol,patah,tau,patahanya,kmna,yaudah,gp,bintang,tpi,cacat,aja,,,,,,,,,,,,,,,,,,,,,,,,,,
document_237,warna,navy,kirim,udah,lepas,kayak,gin,gabisa,jual,klo,kirim,rusak,kecewa,serius,,,,,,,,,,,,,,,,,,,,,,,,,,
document_238,toko,bener,amanahjam,kirim,gw,sen,gadak,ngasi,kabar,dulubuat,mesen,mikir,kecewa,kirim,,,,,,,,,,,,,,,,,,,,,,,,,,
document_239,kecewa,toko,amanah,pesan,kirim,puasa,ambil,hak,org,jam,tgn,hitam,abu,kamana,kacamata,hitam,pasang,kmn,produk,pasang,kmn,knp,ngk,d,kirim,mnta,kembali,,,,,,,,,,,,,
document_240,bagus,si,min,cuman,kecewa,tombol,patah,balik,tp,males,nungu,ydh,paksa,g,makek,hehe,gapapa,alam,aja,si,jugak,co,gbt,aja,mkntop,dapet,harga,k,an,dapet,jam,kek,ginithx,sesuai,harga,si,,,,
document_241,bagus,barang,kirim,lengkap,sesuai,pesan,cuman,jam,lednya,aja,msih,bingung,stel,tpi,toko,djamin,amanah,,,,,,,,,,,,,,,,,,,,,,,
document_242,wapik,pol,nyesel,beli,hargae,murah,ws,ndg,tumbas,gaya,mehong,besti,,,,,,,,,,,,,,,,,,,,,,,,,,,,
document_243,barang,lengkap,emas,jam,pecah,mati,selernya,tangung,packingnya,cuman,lapis,buble,wrap,aja,pesan,an,pcs,tolong,baik,,,,,,,,,,,,,,,,,,,,,
document_244,bagus,putih,warna,buket,banget,kek,udah,kotor,,,,,,,,,,,,,,,,,,,,,,,,,,,,,,,,
document_245,barang,kondisi,cacat,aplikasi,shope,nilai,koin,buruk,aja,,,,,,,,,,,,,,,,,,,,,,,,,,,,,,,
document_246,kecewa,banget,klo,murah,jelek,gp,tpi,rusak,,,,,,,,,,,,,,,,,,,,,,,,,,,,,,,,
document_247,bagus,banget,sesuai,ekspektasi,pengirimanya,gp,harga,segitu,bagus,banget,bong,nyesel,blui,doang,,,,,,,,,,,,,,,,,,,,,,,,,,
document_248,jam,udh,copot,kali,tolong,d,cek,hijau,copot,tp,untung,d,pasang,gin,rugi,,,,,,,,,,,,,,,,,,,,,,,,,
document_249,kecewa,jam,mati,tas,kirim,bolong,pesan,orang,udh,bain,ongkir,mahal,,,,,,,,,,,,,,,,,,,,,,,,,,,,
document_250,bagus,banget,harga,murah,ting,oke,banget,,,,,,,,,,,,,,,,,,,,,,,,,,,,,,,,,
document_251,sedih,si,warna,jam,keorange,an,gitu,sen,bagus,aja,putih,gitu,gatau,warna,orange,gitu,sedih,si,,,,,,,,,,,,,,,,,,,,,,
document_252,sebenernya,jam,cantik,warna,dipake,udah,copot,item,pasang,lubang,,,,,,,,,,,,,,,,,,,,,,,,,,,,,,
document_253,recomended,toko,langanan,kecewa,banget,,,,,,,,,,,,,,,,,,,,,,,,,,,,,,,,,,,
document_254,bagus,bgtcocok,anak,kirim,tp,gag,masalahcuma,pesan,bs,gag,cek,teliti,,,,,,,,,,,,,,,,,,,,,,,,,,,,
document_255,kecewa,barang,rusak,kirim,auto,kapok,order,barang,utk,jual,untung,buntung,,,,,,,,,,,,,,,,,,,,,,,,,,,,
document_256,sen,idup,barang,rusak,kecewa,parahkurir,ramah,barang,gk,ater,tuju,,,,,,,,,,,,,,,,,,,,,,,,,,,,,
document_257,percaya,banget,toko,inieh,kali,angap,toko,amanahsaya,pesan,pcsdatang,pcsberapa,rugi,sayarb,lebihjd,rugi,jual,akucoba,liat,bungkus,aj,hp,barang,pcs,bungkus,disituga,belanja,dsini,,,,,,,,,,,,,
document_258,barang,tungu,bagus,buka,masa,eh,udh,copot,aja,setel,jam,na,kecewa,kado,tungu,datang,kecewa,n,zonk,,,,,,,,,,,,,,,,,,,,,
document_259,kirim,vidio,dj,kembali,uang,saran,beli,tangung,,,,,,,,,,,,,,,,,,,,,,,,,,,,,,,,
document_260,kirim,shope,emas,super,jelek,banget,untung,brg,g,rusak,tolong,baik,bos,jam,plastik,itu,warna,putih,smua,ku,ganti,biar,putih,kotor,,,,,,,,,,,,,,,,
document_261,kecewabaru,cek,out,menit,chat,maw,ganti,warna,bisapilih,maron,merahpokoke,kecewa,banget,,,,,,,,,,,,,,,,,,,,,,,,,,,
document_262,sesuai,hrga,brg,kirim,g,lengkap,aju,pngembalian,dana,tolak,kecewa,banget,pdhl,pesan,dsni,,,,,,,,,,,,,,,,,,,,,,,,,
document_263,jam,jelek,bgtangkai,lurus,kotor,jam,nyadan,chat,respon,,,,,,,,,,,,,,,,,,,,,,,,,,,,,,,
document_264,bagus,ala,ala,jam,mahal,murah,nga,murah,terimakasih,,,,,,,,,,,,,,,,,,,,,,,,,,,,,,,
document_265,gmna,jam,tngn,atur,hm,gmana,bingung,,,,,,,,,,,,,,,,,,,,,,,,,,,,,,,,,
document_266,foto,pakai,logo,datang,pakai,logo,aja,nipu,beli,,,,,,,,,,,,,,,,,,,,,,,,,,,,,,,
document_267,jam,gada,cantelanya,huhu,sedih,banget,bagus,gabisa,dipake,,,,,,,,,,,,,,,,,,,,,,,,,,,,,,,
document_268,kirim,barang,cacat,gqk,kpke,,,,,,,,,,,,,,,,,,,,,,,,,,,,,,,,,,,
document_269,barang,d,terima,cacat,bsa,nyala,tombol,patahsya,kecewa,,,,,,,,,,,,,,,,,,,,,,,,,,,,,,,
document_270,kecewa,krn,lecet,pingir,jam,,,,,,,,,,,,,,,,,,,,,,,,,,,,,,,,,,,
document_271,knp,d,kirimin,jm,rusak,si,kecewa,lg,beli,barang,d,toko,barang,kepake,uang,hlng,jd,klo,d,ganti,rugi,,,,,,,,,,,,,,,,,,,
document_272,brang,sy,pesan,dn,,,,,,,,,,,,,,,,,,,,,,,,,,,,,,,,,,,,
document_273,jam,tanganya,cute,cantip,bangethanya,kacamata,keras,banget,framenyajadi,susah,kacamata,tekuk,ngeri,banget,patahmaf,min,review,jujursemoga,perhati,barang,makas,,,,,,,,,,,,,,,,,,,
document_274,udah,bli,kali,kecewa,satu,sobek,,,,,,,,,,,,,,,,,,,,,,,,,,,,,,,,,,
document_275,item,order,navy,order,,,,,,,,,,,,,,,,,,,,,,,,,,,,,,,,,,,,
document_276,kecewa,pdhl,udh,langanan,gilir,gk,video,unboxing,eh,tau,jam,kirim,pdhl,kmrin,wktu,pesan,klau,barang,gk,dikabarin,langsung,krm,ni,langsung,krm,sakit,,,,,,,,,,,,,,
document_277,alhamdulilah,barang,barang,cacat,jam,tangan,hilang,tombol,untung,tekan,tombol,susah,kali,teliti,kakak,,,,,,,,,,,,,,,,,,,,,,,,,
document_278,bagus,banget,susah,masangin,jam,overal,bagus,harga,murah,makasih,,,,,,,,,,,,,,,,,,,,,,,,,,,,,,
document_279,bangus,banget,udah,kali,mesen,toko,alhamdulilah,dikecewain,respon,jual,neng,belanja,toko,pertahanin,kakak,bikin,kecewa,hehe,minus,kirim,banget,salah,toko,,,,,,,,,,,,,,,,,
document_280,jam,bagus,cacatpengemasan,,,,,,,,,,,,,,,,,,,,,,,,,,,,,,,,,,,,,
document_281,kecewa,bandolanya,lepas,bsa,benerin,,,,,,,,,,,,,,,,,,,,,,,,,,,,,,,,,,,
document_282,kecewa,banget,sm,seller,g,amanah,pesan,sy,g,kirim,pesan,g,kirim,sy,anjur,klo,beli,sat,masa,buka,video,,,,,,,,,,,,,,,,,,,
document_283,tombol,jam,patah,harga,segitu,banding,toko,buruk,,,,,,,,,,,,,,,,,,,,,,,,,,,,,,,,
document_284,kualitas,peroduk,sy,suka,sy,beli,tadangya,kecewa,hitam,sy,pesan,warna,pink,hitam,lg,pink,copot,haduh,,,,,,,,,,,,,,,,,,,,,,
document_285,lumayan,ukur,harga,segitu,mahtapi,tau,awet,gasusah,banget,ngatur,jam,,,,,,,,,,,,,,,,,,,,,,,,,,,,,
document_286,hati,beli,byk,beli,kirim,beli,byk,pelayananya,bagus,repeat,pesan,vidio,unboxing,chat,balas,online,ni,orang,sengaja,kirim,gk,tangung,mending,cari,seller,jgn,beli,selernya,gk,amanah,,,,,,,,,,
document_287,kirim,buruk,pesan,bungkus,buble,wrap,lapis,aja,brli,jam,boxnga,rawan,pecah,tp,gada,packing,khusus,udh,beli,x,dikecewain,walopun,dana,redund,tp,dana,box,garansi,pdhl,salah,kirim,toko,,,,,,,,
document_288,kecewa,rusak,hshzbxjxnchxhxbxhcjcjcjcjcjcjcjcjcj,,,,,,,,,,,,,,,,,,,,,,,,,,,,,,,,,,,,,
document_289,jam,jelek,keras,sesuai,harga,cumacrb,beli,mubazir,aja,dipake,penyaitnya,lepas,longar,kapok,beli,murah,kualitas,murah,sesuai,duit,,,,,,,,,,,,,,,,,,,,
document_290,kecewa,klo,tombolx,rusak,jd,dipake,atur,,,,,,,,,,,,,,,,,,,,,,,,,,,,,,,,,
document_291,bagus,cuman,susah,atur,jam,susah,tekan,tekan,,,,,,,,,,,,,,,,,,,,,,,,,,,,,,,,
document_292,sebel,bngt,sen,jam,tangan,setela,jam,anak,anak,gajelas,bngt,,,,,,,,,,,,,,,,,,,,,,,,,,,,,
document_293,mati,jam,temen,marah,anjrit,gr,jam,doang,gimana,tngung,ka,beli,tp,udah,mati,alah,ko,amnah,,,,,,,,,,,,,,,,,,,,,,
document_294,beli,pencet,lepaspadahal,kesengoltapi,gp,lahsesuai,harga,,,,,,,,,,,,,,,,,,,,,,,,,,,,,,,,,
document_295,kali,beli,kecewa,kemaren,ni,salah,warna,rusak,murah,jgn,rusak,,,,,,,,,,,,,,,,,,,,,,,,,,,,,
document_296,beli,item,cuman,komplain,tpi,hrus,video,unboxing,aja,y,tau,kecewa,gin,,,,,,,,,,,,,,,,,,,,,,,,,,,
document_297,rekomendasi,banget,belanja,disni,gilir,komplain,bener,slow,masak,sen,jt,buble,wrap,pdhl,buble,wrap,murah,hasil,persen,pecah,hancur,bener,mikir,kecewa,banget,gilir,tangung,gada,garansi,kotak,tp,mikir,,,,,,,,
document_298,pesan,disni,krn,udh,komplain,slow,respon,pesan,bikin,kecewa,hancur,rusak,b,,,,,,,,,,,,,,,,,,,,,,,,,,,
document_299,bagus,strapnya,beda,warna,item,merah,model,jam,beda,beli,bareng,waktu,,,,,,,,,,,,,,,,,,,,,,,,,,,,
document_300,ush,beli,barang,orngnya,amanah,bertangung,beli,kirim,cht,dibles,aktif,sumpah,kecewa,banget,moga,berkah,kau,mkan,hasil,nipu,,,,,,,,,,,,,,,,,,,,
document_301,pesan,warna,putih,dtng,warna,putih,butek,gin,putih,mah,cream,kecewa,,,,,,,,,,,,,,,,,,,,,,,,,,,,
document_302,atur,jam,tangan,bundernya,hilang,susuai,foto,kalo,atur,mitesnya,susah,tolong,teliti,,,,,,,,,,,,,,,,,,,,,,,,,,,
document_303,kirim,banget,udah,smpei,brng,rusak,kecewa,banget,si,,,,,,,,,,,,,,,,,,,,,,,,,,,,,,,
document_304,kcewa,pesan,buah,smpe,resi,tulis,kalo,item,sy,pesan,,,,,,,,,,,,,,,,,,,,,,,,,,,,,,
document_305,kecewa,pesan,barang,tatang,cma,pokoxa,kecewa,bangetmudahan,berkat,,,,,,,,,,,,,,,,,,,,,,,,,,,,,,,
document_306,kecewa,warna,kirim,sesuai,pesan,amanah,banget,kalo,warna,bilang,jgn,kirim,ganti,warna,,,,,,,,,,,,,,,,,,,,,,,,,,
document_307,pesan,bnyk,jam,kirim,jam,jual,tangung,barang,jual,,,,,,,,,,,,,,,,,,,,,,,,,,,,,,,
document_308,hitam,kirim,navy,tolong,teliti,bikin,kecewa,,,,,,,,,,,,,,,,,,,,,,,,,,,,,,,,,
document_309,seller,susah,banget,ngerepson,pesan,gada,tangung,video,unboxing,kumplit,aju,kembali,tolak,,,,,,,,,,,,,,,,,,,,,,,,,,,
document_310,barang,rugi,k,barang,pesan,pelang,video,unboxing,ket,dus,ngak,suruh,bikin,video,unboxing,barang,kosong,kasih,tau,,,,,,,,,,,,,,,,,,,,,
document_311,jam,kecepetan,anti,gores,miring,emas,baik,jam,doang,plastik,gede,banget,sesuai,barang,masa,banget,kirim,kualitas,barang,lumayan,harga,enak,dipake,karet,lentur,,,,,,,,,,,,,,,
document_312,beli,komlen,toko,ganti,rugi,julan,tu,jujur,bos,,,,,,,,,,,,,,,,,,,,,,,,,,,,,,,
document_313,barang,zonk,pesan,warna,hitam,biru,merah,kirim,chat,aja,respon,jual,beli,toko,nyesal,toko,barang,seller,ramah,,,,,,,,,,,,,,,,,,,,,
document_314,beli,rusak,alas,tau,batrai,habis,,,,,,,,,,,,,,,,,,,,,,,,,,,,,,,,,,
document_315,d,pesan,ap,smpai,kecewa,si,,,,,,,,,,,,,,,,,,,,,,,,,,,,,,,,,,
document_316,sy,pesan,pcs,pcs,sja,,,,,,,,,,,,,,,,,,,,,,,,,,,,,,,,,,,
document_317,kecewa,banget,,,,,,,,,,,,,,,,,,,,,,,,,,,,,,,,,,,,,,
document_318,rusak,guys,kecewa,,,,,,,,,,,,,,,,,,,,,,,,,,,,,,,,,,,,,
document_319,toko,tipu,barang,bnyak,dkirim,,,,,,,,,,,,,,,,,,,,,,,,,,,,,,,,,,,
document_320,barang,jelek,lecetgak,sesuai,sm,foto,,,,,,,,,,,,,,,,,,,,,,,,,,,,,,,,,,
document_321,jelek,bangetpadahal,gambar,mh,bagus,,,,,,,,,,,,,,,,,,,,,,,,,,,,,,,,,,,
document_322,ting,diksh,putus,,,,,,,,,,,,,,,,,,,,,,,,,,,,,,,,,,,,,
document_323,kecewa,,,,,,,,,,,,,,,,,,,,,,,,,,,,,,,,,,,,,,,
document_324,pesan,krim,pdhal,udah,bayarkcewa,,,,,,,,,,,,,,,,,,,,,,,,,,,,,,,,,,,
document_325,kecewa,banget,beli,cacat,gimana,,,,,,,,,,,,,,,,,,,,,,,,,,,,,,,,,,,
document_326,tombol,patah,hadeuh,rugi,pcs,jam,la,,,,,,,,,,,,,,,,,,,,,,,,,,,,,,,,,
document_327,packingan,buruk,,,,,,,,,,,,,,,,,,,,,,,,,,,,,,,,,,,,,,
document_328,buruk,banget,,,,,,,,,,,,,,,,,,,,,,,,,,,,,,,,,,,,,,
document_329,bgs,bgtrekomen,pergi,pergisekolah,poko,bgs,banget,hihimksi,kaka,,,,,,,,,,,,,,,,,,,,,,,,,,,,,,,
document_330,jelek,kek,harga,rb,an,tali,miring,tombol,copot,sempet,vidioin,asli,tau,klo,barang,sesuai,ekspektasi,hm,,,,,,,,,,,,,,,,,,,,,,
document_331,beli,kalo,nyesal,pesan,jam,kirim,jam,mati,toko,amanah,kali,belanja,shope,kecewa,kirim,barang,rusak,,,,,,,,,,,,,,,,,,,,,,,
document_332,sumpah,jam,bgus,banget,lampu,angka,wrna,wrni,sbnernya,susah,si,ngntur,jam,tpi,alhamdulilah,terimakasih,,,,,,,,,,,,,,,,,,,,,,,,
document_333,jelek,banget,lg,butuh,banget,jam,tangan,eh,kek,gitu,udh,jam,jelak,,,,,,,,,,,,,,,,,,,,,,,,,,,
document_334,jelek,barang,gada,udh,diwanti,wanti,jgn,smpe,kurng,kalo,barang,gada,uang,masukin,paket,knp,ribet,kalo,aju,dana,rugi,situ,per,utama,kalo,jual,jgn,gacocok,,,,,,,,,,,,
document_335,kecewa,bnget,sihjam,mati,trus,beli,gelang,couple,krim,kalung,rban,,,,,,,,,,,,,,,,,,,,,,,,,,,,,
document_336,tombolbuat,ngaturnya,lepas,gabisa,atur,kecewa,,,,,,,,,,,,,,,,,,,,,,,,,,,,,,,,,,
document_337,hati,belanja,toko,udh,kali,nipu,mwreka,kirim,barang,lengkap,kirim,barang,cacat,suruh,refund,ngaku,salah,klo,belanja,toko,inj,,,,,,,,,,,,,,,,,,,
document_338,mohon,pelang,belanja,toko,mikir,mesan,jam,pcs,jam,tangan,kirim,jam,tangan,customer,untung,rugi,toko,tipu,,,,,,,,,,,,,,,,,,,,,,
document_339,packing,buruk,kirim,lambat,kunci,tali,gk,nempel,,,,,,,,,,,,,,,,,,,,,,,,,,,,,,,,
document_340,beli,x,bagus,sengaja,kirim,barang,rusak,beli,yng,bener,yng,bekas,ganti,batre,bekas,lem,korea,yng,abis,batre,nga,amanah,orang,males,beli,,,,,,,,,,,,,,,
document_341,kasih,babel,wrab,dikit,biar,gk,gores,layar,,,,,,,,,,,,,,,,,,,,,,,,,,,,,,,,
document_342,sdah,kali,kirim,in,jam,mati,sana,org,paksa,engak,jual,rugi,,,,,,,,,,,,,,,,,,,,,,,,,,,,
document_343,beli,pcs,rusak,pcs,retak,harga,lumayan,auto,gk,ambil,custolong,packinganya,tebal,dikit,biar,meminimalisir,rusa,sat,pengirimn,kalo,rugi,naikn,etalase,shope,buble,sma,packingn,kardus,biar,beli,enak,gk,rugi,,,,,,,
document_344,tau,pesan,salah,aja,warna,sesui,kirim,pdhl,jual,mikir,cari,uang,senak,aja,dosa,mu,berat,kau,tangung,akhirat,hati,bos,jual,amanah,,,,,,,,,,,,,,,,
document_345,tolong,pikir,pikir,klo,beli,toko,barang,kirim,rusak,n,duit,g,jd,d,jual,dr,rugi,mending,beli,d,toko,aja,tipu,toko,,,,,,,,,,,,,,,,
document_346,kecewa,toko,slalu,barang,dikirimngak,teliti,wktu,ngirim,paket,,,,,,,,,,,,,,,,,,,,,,,,,,,,,,,
document_347,jual,teliti,barang,kirim,aju,dana,sulit,dana,hangus,gitu,aja,,,,,,,,,,,,,,,,,,,,,,,,,,,,,
document_348,gila,pesan,kirim,ngajuin,batal,eh,tolak,buka,saking,percaya,toko,g,bikin,video,unboxing,tau,gin,mending,toko,belah,,,,,,,,,,,,,,,,,,,,
document_349,kakak,jam,aneh,baget,jam,hp,kalo,jam,sumpah,aneh,anti,air,,,,,,,,,,,,,,,,,,,,,,,,,,,,
document_350,susah,banget,nyetingnya,yalah,musti,nyari,youtube,tombol,jam,geser,susah,wajar,aja,rb,berekspektasi,,,,,,,,,,,,,,,,,,,,,,,,,
document_351,barang,lengkap,rusak,video,inboxsing,,,,,,,,,,,,,,,,,,,,,,,,,,,,,,,,,,,
document_352,gatau,kualitas,sen,barang,rb,kirim,total,rb,pengembalun,rb,kasih,hati,hati,beli,ownernya,amanah,gamau,ngecek,stock,tangal,,,,,,,,,,,,,,,,,,,,
document_353,kwalitas,cermin,kwalitas,mana,kecewa,layan,nungu,kembali,uang,cod,basa,basi,,,,,,,,,,,,,,,,,,,,,,,,,,,,
document_354,barang,kirim,kurangpesan,jam,tangan,dtg,,,,,,,,,,,,,,,,,,,,,,,,,,,,,,,,,,
document_355,pesan,pcs,wrna,navy,bgus,brfungsi,satunta,wrna,putih,rusak,,,,,,,,,,,,,,,,,,,,,,,,,,,,,,
document_356,kecewa,toko,langanan,kali,headset,pesan,dtg,,,,,,,,,,,,,,,,,,,,,,,,,,,,,,,,,
document_357,makasih,min,paket,keluh,d,matahari,jam,bercak,bercak,dalem,kaca,lebih,mulus,makasih,,,,,,,,,,,,,,,,,,,,,,,,,,
document_358,ngak,pesan,kacamata,dlm,paket,pesan,ngak,sesuai,gambar,pesan,dtg,kecewa,rugi,customer,nama,,,,,,,,,,,,,,,,,,,,,,,,,
document_359,parah,tokosaya,pesan,jm,tangan,dtang,trus,warna,nga,sesuai,nyesel,beli,udah,traumabuang,uang,,,,,,,,,,,,,,,,,,,,,,,,,
document_360,alshop,tipu,pesan,pcs,brg,kasih,pcs,gilir,cincong,org,belanja,belanja,sistem,transfer,kecewa,buruk,,,,,,,,,,,,,,,,,,,,,,,,
document_361,sedih,sesuai,ekspetasi,jam,kyk,barang,tombol,susah,tekan,,,,,,,,,,,,,,,,,,,,,,,,,,,,,,,
document_362,tipu,pesan,datang,amanah,,,,,,,,,,,,,,,,,,,,,,,,,,,,,,,,,,,,
document_363,kecewa,layan,tangung,pelangang,,,,,,,,,,,,,,,,,,,,,,,,,,,,,,,,,,,,
document_364,kecewa,banget,,,,,,,,,,,,,,,,,,,,,,,,,,,,,,,,,,,,,,
document_365,samping,jam,pecahbarang,cantik,,,,,,,,,,,,,,,,,,,,,,,,,,,,,,,,,,,,
document_366,produk,bgus,tp,syg,maron,taliy,rusak,,,,,,,,,,,,,,,,,,,,,,,,,,,,,,,,,
document_367,jam,rusak,,,,,,,,,,,,,,,,,,,,,,,,,,,,,,,,,,,,,,
document_368,jam,susah,banget,pencet,,,,,,,,,,,,,,,,,,,,,,,,,,,,,,,,,,,,
document_369,kirim,slow,resp,tokony,,,,,,,,,,,,,,,,,,,,,,,,,,,,,,,,,,,,
document_370,jelek,jam,gk,sesuai,expetasi,,,,,,,,,,,,,,,,,,,,,,,,,,,,,,,,,,,
document_371,toko,jelek,gais,amanah,beli,jual,gacocok,sumpah,bikin,rugi,adminya,dongo,gabisa,baca,salah,customer,salah,jual,beli,bikin,rugi,toko,aja,kali,toko,tai,,,,,,,,,,,,,,
document_372,kirim,barang,rusak,,,,,,,,,,,,,,,,,,,,,,,,,,,,,,,,,,,,,
document_373,banget,pengirimanya,,,,,,,,,,,,,,,,,,,,,,,,,,,,,,,,,,,,,,
document_374,pengaturanya,patah,jd,susah,mw,ngatur,jam,,,,,,,,,,,,,,,,,,,,,,,,,,,,,,,,,
document_375,rusak,yah,,,,,,,,,,,,,,,,,,,,,,,,,,,,,,,,,,,,,,
document_376,jam,eror,,,,,,,,,,,,,,,,,,,,,,,,,,,,,,,,,,,,,,
document_377,barang,rusak,,,,,,,,,,,,,,,,,,,,,,,,,,,,,,,,,,,,,,
document_378,jam,rusak,rusak,kirim,,,,,,,,,,,,,,,,,,,,,,,,,,,,,,,,,,,,
document_379,tali,kaku,nyalah,,,,,,,,,,,,,,,,,,,,,,,,,,,,,,,,,,,,,
document_380,astaga,kecewa,banget,tombol,lepas,,,,,,,,,,,,,,,,,,,,,,,,,,,,,,,,,,,
document_381,kirim,jam,salah,,,,,,,,,,,,,,,,,,,,,,,,,,,,,,,,,,,,,
document_382,kirim,,,,,,,,,,,,,,,,,,,,,,,,,,,,,,,,,,,,,,,
document_383,respon,seller,lelet,barang,kirim,,,,,,,,,,,,,,,,,,,,,,,,,,,,,,,,,,,
document_384,toko,rekomen,jam,mati,kirim,,,,,,,,,,,,,,,,,,,,,,,,,,,,,,,,,,,
document_385,carang,cacat,,,,,,,,,,,,,,,,,,,,,,,,,,,,,,,,,,,,,,
document_386,kecewa,kecewa,,,,,,,,,,,,,,,,,,,,,,,,,,,,,,,,,,,,,,
document_387,pesan,rusak,,,,,,,,,,,,,,,,,,,,,,,,,,,,,,,,,,,,,,
document_388,kecewa,jam,kirim,warna,orange,,,,,,,,,,,,,,,,,,,,,,,,,,,,,,,,,,,
document_389,tas,bagus,ngak,rugi,beli,pesan,ah,,,,,,,,,,,,,,,,,,,,,,,,,,,,,,,,,
document_390,bagus,banget,sumpah,harga,gin,kualitas,bagus,nyangka,udah,langanan,beli,tas,kualitas,mahal,murah,kualitas,oke,pilih,mahal,,,,,,,,,,,,,,,,,,,,,
document_391,cantik,cantik,cantik,x,pesan,x,kecewa,thankque,recomen,pokok,toko,,,,,,,,,,,,,,,,,,,,,,,,,,,,,
document_392,bahan,bagus,dikit,cela,,,,,,,,,,,,,,,,,,,,,,,,,,,,,,,,,,,,
document_393,tas,oke,banget,gezs,sich,ragu,e,barang,syukak,banget,,,,,,,,,,,,,,,,,,,,,,,,,,,,,,
document_394,tas,bagus,tebal,tali,tebal,kecewa,harga,murah,tp,egak,murah,donk,kali,pesan,tasready,kecewa,seller,amanah,syuka,syuka,ragu,belanja,tas,toko,ges,terimakasih,seller,,,,,,,,,,,,,
document_395,alhamdulilah,ditrima,kondisi,bgs,cacat,lengkap,smga,slalu,amanah,slalu,meningjatkan,kualitas,layan,trimakasih,,,,,,,,,,,,,,,,,,,,,,,,,,
document_396,paket,bagus,bltidak,cacathanks,seller,,,,,,,,,,,,,,,,,,,,,,,,,,,,,,,,,,,
document_397,udah,langanan,tokonyadan,nga,kecewa,produknyaso,produk,nga,kalah,kece,badai,,,,,,,,,,,,,,,,,,,,,,,,,,,,,
document_398,kali,beli,tas,kecewa,harga,murah,kualitas,murah,,,,,,,,,,,,,,,,,,,,,,,,,,,,,,,,
document_399,tas,asli,pict,syuka,cuman,bete,aja,ama,kurir,paket,inepin,terima,atur,,,,,,,,,,,,,,,,,,,,,,,,,,,
document_400,bagus,banget,tas,nyakayak,tas,mahalnext,pesan,,,,,,,,,,,,,,,,,,,,,,,,,,,,,,,,,
document_401,gk,ragu,blnja,d,sinirealpik,barang,,,,,,,,,,,,,,,,,,,,,,,,,,,,,,,,,,
document_402,nice,pokonamah,mantaf,hehehe,suka,cacat,dikit,sen,orang,,,,,,,,,,,,,,,,,,,,,,,,,,,,,,,
document_403,sen,brownyg,dkirim,bluecape,dechklo,blue,mahdtoko,belah,geh,lbh,murcemap,jd,kecewajd,hnya,bintang,,,,,,,,,,,,,,,,,,,,,,,,,
document_404,kirain,n,tali,panjangtp,trnyta,n,gk,,,,,,,,,,,,,,,,,,,,,,,,,,,,,,,,,
document_405,tas,udah,darat,dngn,slmat,tp,pas,d,tali,kayak,udah,udah,karat,,,,,,,,,,,,,,,,,,,,,,,,,,,
document_406,kaitanya,rusak,d,kembali,mepet,aj,d,,,,,,,,,,,,,,,,,,,,,,,,,,,,,,,,,
document_407,baguz,tas,pkoknya,seng,bahan,jg,g,kalah,mal,hehehe,,,,,,,,,,,,,,,,,,,,,,,,,,,,,,
document_408,cantik,bnget,ftoin,keburu,ambil,pelang,,,,,,,,,,,,,,,,,,,,,,,,,,,,,,,,,,
document_409,sukacepet,banget,kirim,kemarin,sore,,,,,,,,,,,,,,,,,,,,,,,,,,,,,,,,,,,
document_410,tas,bagus,tali,tas,tebal,jd,kesan,mewah,murah,,,,,,,,,,,,,,,,,,,,,,,,,,,,,,,
document_411,mantul,pokok,gausah,ragu,beli,toko,,,,,,,,,,,,,,,,,,,,,,,,,,,,,,,,,,
document_412,tali,panjangpendek,banget,trnyata,,,,,,,,,,,,,,,,,,,,,,,,,,,,,,,,,,,,
document_413,kirim,,,,,,,,,,,,,,,,,,,,,,,,,,,,,,,,,,,,,,,
document_414,kecewa,pesan,brown,kirim,biru,,,,,,,,,,,,,,,,,,,,,,,,,,,,,,,,,,,
document_415,recomended,toko,poko,jgn,ragu,bnget,langanan,,,,,,,,,,,,,,,,,,,,,,,,,,,,,,,,,
document_416,poko,mantul,gk,kecewa,belanja,d,toko,,,,,,,,,,,,,,,,,,,,,,,,,,,,,,,,,
document_417,gila,paraharga,murah,kualitas,top,markotop,,,,,,,,,,,,,,,,,,,,,,,,,,,,,,,,,,
document_418,sumpah,kali,kecewa,toko,kmrin,psen,ponakan,pgn,bin,tau,rante,ful,lem,mending,kalo,lem,putih,mah,kuning,aga,kecewa,toko,udh,langanan,pesan,bagus,kali,aja,bikin,kecewa,,,,,,,,,,
document_419,bagus,tpi,cacat,gores,retak,tutup,kirim,pake,bublewrap,,,,,,,,,,,,,,,,,,,,,,,,,,,,,,,
document_420,mantap,kecewa,poko,rekomendasi,poko,mantul,,,,,,,,,,,,,,,,,,,,,,,,,,,,,,,,,,
document_421,pengirimanya,cpt,tas,bagus,asli,picture,bahan,jg,bgs,kayak,tas,mahal,,,,,,,,,,,,,,,,,,,,,,,,,,,,
document_422,udah,langanan,gapernah,gagal,cinta,,,,,,,,,,,,,,,,,,,,,,,,,,,,,,,,,,,
document_423,bagus,banget,woy,sumph,murh,banget,gw,nemu,prsis,gin,d,jual,ribu,kualitas,lebih,ekpektasi,,,,,,,,,,,,,,,,,,,,,,,,
document_424,mantap,banget,emas,kasih,bublewrap,tolong,kualitas,emas,tingkat,khawatir,gencet,kaya,rada,gepeng,,,,,,,,,,,,,,,,,,,,,,,,,,
document_425,kualitas,ngk,ngecewain,harga,murah,kualitas,ngk,murah,terimakasih,seller,,,,,,,,,,,,,,,,,,,,,,,,,,,,,,
document_426,the,best,prna,kecewa,beli,,,,,,,,,,,,,,,,,,,,,,,,,,,,,,,,,,,
document_427,bgus,banget,kek,liat,mahal,wk,pdhal,cman,rb,god,suka,banget,kirim,cpet,banget,kmrin,kirim,tdi,dzuhur,udh,sampe,,,,,,,,,,,,,,,,,,,
document_428,logo,foto,gtu,cuman,oke,bahan,oke,kirim,oke,bahan,tebal,,,,,,,,,,,,,,,,,,,,,,,,,,,,,
document_429,harga,bawah,rb,dapet,tas,bagus,pesan,gk,kecewa,wahib,pesan,,,,,,,,,,,,,,,,,,,,,,,,,,,,,
document_430,asli,cantik,bangt,tas,suka,nambah,bingung,,,,,,,,,,,,,,,,,,,,,,,,,,,,,,,,,
document_431,bagus,kecewa,belanja,tas,gatau,tas,berapa,kali,hehe,,,,,,,,,,,,,,,,,,,,,,,,,,,,,,,
document_432,alhaldulilah,nga,cacat,nga,makasih,,,,,,,,,,,,,,,,,,,,,,,,,,,,,,,,,,,
document_433,gila,bagus,banget,suka,foto,asli,bahan,alus,kaku,harga,segitu,kaya,harga,ratus,ribu,,,,,,,,,,,,,,,,,,,,,,,,,
document_434,tas,oke,oke,sampe,pusing,milihnya,cakep,,,,,,,,,,,,,,,,,,,,,,,,,,,,,,,,,
document_435,suka,suka,tas,kecewa,uwah,,,,,,,,,,,,,,,,,,,,,,,,,,,,,,,,,,,
document_436,ragu,beli,tas,kualitas,buagus,banget,harga,terjang,pokok,the,best,,,,,,,,,,,,,,,,,,,,,,,,,,,,,
document_437,suka,kecewa,beli,toko,tas,bsgu,,,,,,,,,,,,,,,,,,,,,,,,,,,,,,,,,,
document_438,gercep,banget,kirim,hri,kualitas,no,kaleng,,,,,,,,,,,,,,,,,,,,,,,,,,,,,,,,,
document_439,tali,pendek,ngak,kait,pesan,customer,,,,,,,,,,,,,,,,,,,,,,,,,,,,,,,,,,
document_440,sampe,lupa,check,out,produk,ngak,kecewa,dapet,harga,promo,makasih,kakak,,,,,,,,,,,,,,,,,,,,,,,,,,,,
document_441,kecewa,barang,kirim,lengkapshope,jual,uda,bukti,unboxing,fotopokoknya,rugiwalaupun,ganti,rugi,voucher,kena,potong,shopepadahal,toko,uda,reseler,loh,kali,teliti,lg,sat,emas,,,,,,,,,,,,,,,
document_442,pesan,model,apayang,model,br,jd,langanan,kecewa,,,,,,,,,,,,,,,,,,,,,,,,,,,,,,,,
document_443,sempet,ragu,tpi,pas,barang,ngk,mengecewakanbahan,rebel,kirim,cptdi,jamin,ngk,nyesel,blanja,toko,,,,,,,,,,,,,,,,,,,,,,,,,
document_444,puas,tp,kesini,kecewa,tas,noda,skrg,kaya,gin,sen,customer,,,,,,,,,,,,,,,,,,,,,,,,,,,,,
document_445,tas,dar,murah,kualitas,lumayan,tebal,harga,ngak,bikin,jebol,kantong,,,,,,,,,,,,,,,,,,,,,,,,,,,,,
document_446,kualitas,barangbarang,bagus,realpic,ragu,pesan,sdh,langanan,,,,,,,,,,,,,,,,,,,,,,,,,,,,,,,,
document_447,udah,kali,kali,beli,kualitas,tp,oke,tahan,kakak,cuman,ongkirnya,mahal,,,,,,,,,,,,,,,,,,,,,,,,,,,,
document_448,bagus,banget,tas,bahan,liat,kl,alusan,rban,yalah,banget,langanan,asli,,,,,,,,,,,,,,,,,,,,,,,,,,,,
document_449,bagus,banget,sumpah,parah,banget,bagus,,,,,,,,,,,,,,,,,,,,,,,,,,,,,,,,,,
document_450,gambar,cancelnya,foto,ragu,,,,,,,,,,,,,,,,,,,,,,,,,,,,,,,,,,,,
document_451,hitam,tindih,gencet,gitu,penyok,depa,garis,bentuk,udah,gabisa,kaya,huhu,sedih,gol,,,,,,,,,,,,,,,,,,,,,,,,,,
document_452,kualitas,produk,bagus,kecewa,produk,gambar,tali,asli,tali,,,,,,,,,,,,,,,,,,,,,,,,,,,,,,,
document_453,bagus,banget,sen,pas,sale,ragu,,,,,,,,,,,,,,,,,,,,,,,,,,,,,,,,,,
document_454,tas,lengket,kakak,ngelupas,barang,pesan,auto,pesan,toko,belah,kecewa,banget,,,,,,,,,,,,,,,,,,,,,,,,,,,,
document_455,tukang,tipu,toko,tipu,co,bayar,tas,kirim,tas,harga,murah,,,,,,,,,,,,,,,,,,,,,,,,,,,,,
document_456,moga,ads,cacat,kmren,pesan,kait,sbelah,hilang,belah,,,,,,,,,,,,,,,,,,,,,,,,,,,,,,,
document_457,jual,amanah,pesan,responya,lambat,,,,,,,,,,,,,,,,,,,,,,,,,,,,,,,,,,,
document_458,maaf,ksh,bintang,pketnya,bru,minguan,pdahal,pket,ku,plng,pesan,tas,wrna,hitam,model,dua,dua,warna,beda,smpe,brangnya,penyok,smua,masa,plastik,doang,baik,pelayanya,,,,,,,,,,,,
document_459,barang,asli,pict,bagus,rugi,beli,toko,,,,,,,,,,,,,,,,,,,,,,,,,,,,,,,,,
document_460,barang,bagus,kecewa,beli,,,,,,,,,,,,,,,,,,,,,,,,,,,,,,,,,,,,
document_461,kirim,komplain,payah,,,,,,,,,,,,,,,,,,,,,,,,,,,,,,,,,,,,,
document_462,tas,kotor,kayak,bekas,pakai,,,,,,,,,,,,,,,,,,,,,,,,,,,,,,,,,,,
document_463,bagus,no,cacat,,,,,,,,,,,,,,,,,,,,,,,,,,,,,,,,,,,,,
document_464,beli,kali,kecewa,,,,,,,,,,,,,,,,,,,,,,,,,,,,,,,,,,,,,
document_465,kecewa,pokok,,,,,,,,,,,,,,,,,,,,,,,,,,,,,,,,,,,,,,
document_466,nyesel,beli,toko,tas,keliatanya,kekar,asal,pasti,lucu,banget,warna,model,,,,,,,,,,,,,,,,,,,,,,,,,,,,
document_467,bagus,banget,sukak,kecewa,beli,udah,kali,beli,kemaren,flash,sale,lngusng,cus,beli,,,,,,,,,,,,,,,,,,,,,,,,,,
document_468,produk,is,the,best,bangetorderan,ku,smoga,tetp,amanah,yajgn,ragu,beli,toko,inibarang,bagus,smua,,,,,,,,,,,,,,,,,,,,,,,,
document_469,bagus,si,ka,barang,udh,langanan,si,belanja,ragu,,,,,,,,,,,,,,,,,,,,,,,,,,,,,,,
document_470,beli,brg,lai,ok,kecewa,beli,sat,k,hr,kmdn,sale,k,dpt,brg,cacat,spon,tp,begtu,buka,cacat,kulit,kelupas,jahit,ato,brg,peganganya,krn,plastik,,,,,,,,,,,,
document_471,terimakasih,tas,lumayan,bagus,bahan,model,tutup,kayak,bahan,beludru,takut,klo,kotor,susah,ilangnya,,,,,,,,,,,,,,,,,,,,,,,,,
document_472,langanan,banget,gapernah,kecewa,yampun,recomended,banget,,,,,,,,,,,,,,,,,,,,,,,,,,,,,,,,,
document_473,asli,cantik,pisandahlah,ragu,belanja,,,,,,,,,,,,,,,,,,,,,,,,,,,,,,,,,,,
document_474,trmksh,paket,dtg,cuman,bludru,x,kotor,sdkt,tp,gp,lh,mgkn,wrna,putih,kli,thnks,,,,,,,,,,,,,,,,,,,,,,,,
document_475,kali,shope,beli,tas,super,duper,bikin,mod,boster,bahan,juara,tas,harga,segitu,ampun,bener,puas,model,pasar,norak,bener,bagus,mo,nang,banget,pas,tas,sangka,bagus,pokok,recomended,langanan,beli,kecewa,,,,,,
document_476,bagus,beneran,bagus,tas,murah,beneran,gud,quality,hang,out,acara,cucok,meong,in,sha,alah,langanan,d,best,seller,,,,,,,,,,,,,,,,,,,,
document_477,tas,bagus,kecewa,belanja,toko,udah,langanan,,,,,,,,,,,,,,,,,,,,,,,,,,,,,,,,,
document_478,kecewa,pokok,bagus,kirim,cepet,banget,hari,wlopun,kmren,pas,thun,pese,,,,,,,,,,,,,,,,,,,,,,,,,,,,
document_479,tas,bgus,cma,pngemasan,n,pngiriman,agx,gx,pke,buble,wrap,untung,tas,gx,ad,lecet,,,,,,,,,,,,,,,,,,,,,,,,
document_480,a,g,kecewa,udah,kali,beli,tas,brgnya,love,banget,,,,,,,,,,,,,,,,,,,,,,,,,,,,,,
document_481,asli,pict,pesan,kirim,cepet,seharitapi,emas,banjir,order,,,,,,,,,,,,,,,,,,,,,,,,,,,,,,,
document_482,harga,segitu,ku,mahal,krn,ngak,sesuai,bahan,gambar,aja,import,tpi,bahan,lokal,,,,,,,,,,,,,,,,,,,,,,,,,,
document_483,packing,planing,bwt,kado,tmn,kir,pas,eh,lwt,h,harga,sesuai,barang,b,aja,,,,,,,,,,,,,,,,,,,,,,,,,
document_484,kemaren,asli,pingin,biru,tp,kehabisanwrn,khaki,suram,jd,enak,model,standarok,hrg,gin,,,,,,,,,,,,,,,,,,,,,,,,,,
document_485,langanan,pokok,kecewa,ajib,murce,,,,,,,,,,,,,,,,,,,,,,,,,,,,,,,,,,,
document_486,order,ksekian,kali,pesan,kecewa,puas,thank,you,seller,,,,,,,,,,,,,,,,,,,,,,,,,,,,,,,
document_487,ragu,kualitas,pesan,tas,tasradybatam,kolekti,tas,beli,,,,,,,,,,,,,,,,,,,,,,,,,,,,,,,,
document_488,masa,rapi,kualitas,kecewa,pokok,langanan,,,,,,,,,,,,,,,,,,,,,,,,,,,,,,,,,,
document_489,kasih,bintang,gara,cacat,bagi,aksesoris,udah,kelupas,bintang,makasih,suka,kecewa,cacat,kali,tolong,hati,pack,,,,,,,,,,,,,,,,,,,,,,,
document_490,koq,gada,tali,pendek,yha,mba,aq,kena,komplenan,customer,aq,uda,langanan,,,,,,,,,,,,,,,,,,,,,,,,,,,
document_491,beli,bngt,bagus,da,laku,banget,jual,oke,poko,g,jelek,,,,,,,,,,,,,,,,,,,,,,,,,,,,,
document_492,recomended,ah,toko,ragu,kalo,pesan,toko,,,,,,,,,,,,,,,,,,,,,,,,,,,,,,,,,
document_493,langanan,belanja,tas,nga,kecewa,barang,super,cantik,tas,,,,,,,,,,,,,,,,,,,,,,,,,,,,,,,
document_494,the,best,kalo,tas,mah,the,best,pengirimanya,haru,udh,smpe,makasih,,,,,,,,,,,,,,,,,,,,,,,,,,,,
document_495,udah,langanan,banget,tas,slu,kecewa,thx,u,seller,,,,,,,,,,,,,,,,,,,,,,,,,,,,,,,
document_496,beli,bngt,bagus,da,laku,banget,jual,oke,poko,g,jelek,,,,,,,,,,,,,,,,,,,,,,,,,,,,,
document_497,kondisi,tas,baikecewa,banget,bekas,tinta,packing,an,lap,plastik,hitam,sajadan,buble,wrapadahal,kado,gagal,kondisi,tas,,,,,,,,,,,,,,,,,,,,,,
document_498,gk,bagus,cacat,,,,,,,,,,,,,,,,,,,,,,,,,,,,,,,,,,,,,
document_499,cantik,udh,pesan,sekian,kali,n,gk,prnh,kecewa,,,,,,,,,,,,,,,,,,,,,,,,,,,,,,,
document_500,mewah,kayak,tas,mahal,bahan,kokoh,kaku,ngecewain,toko,tas,bagus,pilih,model,,,,,,,,,,,,,,,,,,,,,,,,,,,
document_501,kecewa,dompet,bs,msk,pdhl,lht,video,dompet,pjg,plus,dl,muat,,,,,,,,,,,,,,,,,,,,,,,,,,,,
document_502,cepat,pengirimanya,kecewa,beli,toko,asli,pict,cuantik,harga,miring,lg,makasih,seller,,,,,,,,,,,,,,,,,,,,,,,,,,,
document_503,kualitas,ragu,kali,beli,dsni,cinta,produk,mulus,,,,,,,,,,,,,,,,,,,,,,,,,,,,,,,,
document_504,kece,parah,bagus,bahan,murah,pokok,nyesel,beli,sukak,,,,,,,,,,,,,,,,,,,,,,,,,,,,,,,
document_505,barang,laku,jual,blsdan,gantung,tas,bagi,depansat,menchat,milik,mencuekin,sayachat,susah,blsmohon,penujual,beli,,,,,,,,,,,,,,,,,,,,,,,,
document_506,bagus,klewat,kecewa,terimakasih,,,,,,,,,,,,,,,,,,,,,,,,,,,,,,,,,,,,
document_507,tas,cantik,realpick,kaya,tas,murahankeburu,ambil,tas,suka,foto,,,,,,,,,,,,,,,,,,,,,,,,,,,,,,
document_508,tas,a,bagus,banegtcuma,emas,pngiriman,a,banget,,,,,,,,,,,,,,,,,,,,,,,,,,,,,,,,
document_509,bgs,banget,nga,kecewa,pokok,,,,,,,,,,,,,,,,,,,,,,,,,,,,,,,,,,,
document_510,tukang,tipu,toko,tipu,co,bayar,tas,kirim,harga,murah,,,,,,,,,,,,,,,,,,,,,,,,,,,,,,
document_511,tas,foto,asli,kembut,banget,sumpah,kecewa,pokok,,,,,,,,,,,,,,,,,,,,,,,,,,,,,,,,
document_512,kecewa,pese,beda,kirim,gapapalah,harga,segitu,,,,,,,,,,,,,,,,,,,,,,,,,,,,,,,,,
document_513,pesan,warna,miloagak,kecewa,si,warna,milo,kali,cek,barang,kirim,,,,,,,,,,,,,,,,,,,,,,,,,,,,,
document_514,ko,salah,bahan,warna,coklat,warna,kirim,warna,cadang,sedih,,,,,,,,,,,,,,,,,,,,,,,,,,,,,,
document_515,kecewa,banget,si,silver,nga,tolong,konfirmasi,gitu,,,,,,,,,,,,,,,,,,,,,,,,,,,,,,,,
document_516,yeay,paket,dtg,makasih,seller,dtgnya,lumayan,krn,lg,warna,bagus,tp,knp,suka,warna,krn,turut,aesthetic,aja,gitu,warna,but,its,okay,tp,pake,krn,syg,udh,beli,thank,you,kakak,,,,,,,
document_517,produk,bgus,pengemsan,oke,ngak,cacatnex,pesan,abang,kurir,makasih,,,,,,,,,,,,,,,,,,,,,,,,,,,,,,
document_518,bagus,barang,kirain,khaki,muda,terang,gitu,kaya,foto,pas,gelap,kek,salah,kirim,warna,,,,,,,,,,,,,,,,,,,,,,,,,
document_519,sy,saranin,beli,toko,lbh,kirim,produk,kirim,sesuai,pesan,alas,stock,kosong,kirim,random,stock,kosong,co,shope,jadi,toko,sbg,no,hijab,laris,bela,square,rugi,tlg,sy,gbs,nilai,bintang,,,,,,,
document_520,nila,parah,harga,murah,murah,gais,,,,,,,,,,,,,,,,,,,,,,,,,,,,,,,,,,
document_521,bekas,lipatanya,susah,dilangin,udah,pakai,setrika,gapapa,,,,,,,,,,,,,,,,,,,,,,,,,,,,,,,,
document_522,paket,udh,sampe,pis,pengirimanya,toko,d,chat,chat,balesan,,,,,,,,,,,,,,,,,,,,,,,,,,,,,,
document_523,gajelas,ni,jual,udah,kirim,pas,bagus,warna,late,doang,warna,pas,tebal,tipis,banget,warna,nude,warna,cream,kuning,ngejreng,banget,kaya,nenek,gua,make,,,,,,,,,,,,,,
document_524,sukah,bangetbahan,cantikdan,warna,super,gemeshpuas,belanja,toko,iniemng,kecewa,kirim,,,,,,,,,,,,,,,,,,,,,,,,,,,,,
document_525,kirim,cepat,bahan,lumayan,tipis,potonganya,sejajar,pendek,dia,,,,,,,,,,,,,,,,,,,,,,,,,,,,,,,
document_526,cpat,kurir,ramah,ongkirnya,mahal,bahan,tipis,simetris,belah,leyot,susah,setrika,nerawang,merk,logo,lipat,garis,susah,hilang,nila,harga,segitu,tau,karakter,bela,square,cuman,agk,kecewa,aja,dikit,gpapa,,,,,,,,
document_527,emas,super,banget,warna,aquamarine,muda,jdinya,abu,sma,ntah,warna,dr,toko,ginisalah,kirim,gatau,,,,,,,,,,,,,,,,,,,,,,,,
document_528,warna,salah,jilbab,nerawang,kirim,krn,faktor,ramadhan,sale,maaf,bintang,kakak,,,,,,,,,,,,,,,,,,,,,,,,,,,,
document_529,kecewa,sen,jilbab,bandana,rajut,tpi,kirim,jilbab,kualitas,jilbab,lumayan,harga,segitu,,,,,,,,,,,,,,,,,,,,,,,,,,,
document_530,warna,dusty,pinknya,beda,foto,kayak,gelap,gitu,but,its,okey,,,,,,,,,,,,,,,,,,,,,,,,,,,,,
document_531,alhamdulilah,barang,sampe,aman,bahan,bagus,salah,kirim,choco,charcoal,gitu,gp,,,,,,,,,,,,,,,,,,,,,,,,,,,,
document_532,kecewa,si,sen,sma,cepol,tpi,kerudung,doang,,,,,,,,,,,,,,,,,,,,,,,,,,,,,,,,
document_533,kykny,salah,sesuai,ni,sen,warna,dark,grey,loh,dark,jeans,ken,banget,warna,dark,grey,gp,seller,pesan,kali,kalo,gada,warna,chat,min,biarpun,beli,nyantumin,warna,cdangan,,,,,,,,,,
document_534,kain,warna,milonya,beda,warna,lai,setrika,kusut,,,,,,,,,,,,,,,,,,,,,,,,,,,,,,,,
document_535,ngasih,bintang,kasianagak,kecewa,mesen,milo,warna,arah,bata,merah,bataklo,bahan,bgus,nyesel,mudah,berdiricuman,saran,seller,klo,emng,barang,hbis,chat,aja,beda,warna,takut,orng,marah,,,,,,,,,,,
document_536,jugjat,susah,akalin,pakai,bnr,beda,sedih,d,perhati,ukur,,,,,,,,,,,,,,,,,,,,,,,,,,,,,,
document_537,warna,luar,ekspetasi,dusty,kaya,magenta,gitu,beda,banget,foto,kalo,warna,dusty,kalem,nyesel,beli,kalo,foto,warna,beda,cahaya,tua,warna,dusty,kecewa,banget,,,,,,,,,,,,,,
document_538,pas,plastik,luar,udah,sobek,ukur,gapapa,oke,,,,,,,,,,,,,,,,,,,,,,,,,,,,,,,,
document_539,gasuka,navy,bahan,kusut,alus,gtu,gosok,kusut,susah,bentuk,klo,charcoal,gatau,blm,coba,blm,gosok,jg,jd,gatau,bahan,gmna,tp,navy,ngeselin,susah,banget,atur,bahan,jelek,kusut,halus,gtu,gosok,parah,,,,,
document_540,bahan,lumayan,tipis,kirim,banget,mkasih,,,,,,,,,,,,,,,,,,,,,,,,,,,,,,,,,,
document_541,produk,bahan,kasar,prtama,kali,pesan,langsung,pcs,,,,,,,,,,,,,,,,,,,,,,,,,,,,,,,,
document_542,sumpah,kirim,banget,tpi,gp,jilbab,bgus,sesuai,harga,,,,,,,,,,,,,,,,,,,,,,,,,,,,,,,
document_543,warna,manis,sukak,ah,banget,lupa,beli,,,,,,,,,,,,,,,,,,,,,,,,,,,,,,,,,
document_544,oke,banget,brangnya,udah,kali,pesan,nda,kecewa,,,,,,,,,,,,,,,,,,,,,,,,,,,,,,,,
document_545,bagus,harga,ribu,bagus,ganyesel,si,tp,nyesel,beli,makas,,,,,,,,,,,,,,,,,,,,,,,,,,,,,,
document_546,bagus,harga,segitu,berekpetasi,ekang,bagus,kerudung,beli,,,,,,,,,,,,,,,,,,,,,,,,,,,,,,,,
document_547,maaf,kakak,mesan,warna,sesuai,gambar,dusty,pink,terang,kali,kek,dusty,parah,wardah,ynag,kasih,warna,hitam,udah,bikin,note,mohon,cek,bla,bla,bla,pengirimanya,kirim,d,packing,jujur,kecewa,,,,,,,,
document_548,aduh,pesan,anak,tudung,krudung,pesan,orang,tpi,oke,lh,kali,cek,ka,,,,,,,,,,,,,,,,,,,,,,,,,,,
document_549,warna,asli,gambar,wajar,banget,beda,aneh,pesan,warna,beda,warna,persis,order,gitu,warna,kosong,konfirmasi,aja,pdhl,beli,,,,,,,,,,,,,,,,,,,,
document_550,warna,kaya,navy,kira,lehih,abu,ehmalah,biru,sebnaranya,admin,tau,gaksih,wran,abu,sma,gp,udah,lanjur,,,,,,,,,,,,,,,,,,,,,,
document_551,bela,square,tipis,banget,pendek,kalo,turut,pashmina,coksu,pendek,drpd,stone,warna,lumayan,ganti,,,,,,,,,,,,,,,,,,,,,,,,,
document_552,salah,warna,abu,tua,knp,silver,pake,acara,drescode,hijab,warna,abu,tua,,,,,,,,,,,,,,,,,,,,,,,,,,,
document_553,gemes,banget,warna,gila,suka,banget,pokok,,,,,,,,,,,,,,,,,,,,,,,,,,,,,,,,,
document_554,bagus,banget,woi,sumpah,nyesel,beli,nesxt,pesan,ah,murce,sekaliga,salah,si,rangking,,,,,,,,,,,,,,,,,,,,,,,,,,
document_555,sumpah,kecewa,banget,udah,warna,salah,kerudung,telat,kirim,sampe,mingu,lebaran,sampe,gk,lebaran,,,,,,,,,,,,,,,,,,,,,,,,,
document_556,oke,kerudung,lemes,pesan,warna,tan,navy,datang,navy,hitam,kali,amanah,kakak,,,,,,,,,,,,,,,,,,,,,,,,,,,
document_557,produk,bagus,murah,tp,kirim,lambat,tp,gp,suka,,,,,,,,,,,,,,,,,,,,,,,,,,,,,,,
document_558,kirim,super,bahan,lumayan,harga,standar,trims,,,,,,,,,,,,,,,,,,,,,,,,,,,,,,,,,
document_559,tungu,kecewa,jasa,kirim,males,belanja,,,,,,,,,,,,,,,,,,,,,,,,,,,,,,,,,,
document_560,warna,beda,sm,digmbr,jatuh,wrnanya,gelap,hm,,,,,,,,,,,,,,,,,,,,,,,,,,,,,,,,
document_561,pesa,warna,hitam,milocoughat,warna,navymilo,coughat,cepol,warna,navy,huh,syedih,pakai,acara,warna,hitam,navy,,,,,,,,,,,,,,,,,,,,,,,
document_562,bagus,bahan,jahit,simetris,woy,sedih,banget,udah,gitu,gada,merknya,astaga,kirim,sen,bareng,sepatutas,toko,beda,tp,sumpah,aja,semingu,gatau,puas,beli,beli,,,,,,,,,,,,,,
document_563,beli,salah,warna,sen,hijau,pupus,kirim,army,muda,coba,banding,foto,model,banget,beda,sebel,banget,udah,gitu,bahana,tipis,bela,square,bahan,,,,,,,,,,,,,,,,
document_564,kerudung,gampar,atur,tekuk,susah,atur,susah,tegak,peking,,,,,,,,,,,,,,,,,,,,,,,,,,,,,,,
document_565,kecewa,bngt,sen,warna,sen,biru,tua,abu,sma,tungu,abu,sma,warna,sesuai,foto,,,,,,,,,,,,,,,,,,,,,,,,,
document_566,kecewa,banget,barang,jelek,jaitanya,rapih,bahan,panas,kya,saring,,,,,,,,,,,,,,,,,,,,,,,,,,,,,,
document_567,warna,salah,sen,warna,tan,moca,kirim,abu,dusty,,,,,,,,,,,,,,,,,,,,,,,,,,,,,,,
document_568,pesan,warna,khaki,muda,coklat,tua,warna,kuning,konfirmasi,kek,klw,warna,habis,lupa,linglung,nih,jual,kecewa,,,,,,,,,,,,,,,,,,,,,,
document_569,order,kali,gapernah,nyesel,poko,harga,segitu,kuwalitas,maknyos,makas,,,,,,,,,,,,,,,,,,,,,,,,,,,,,,
document_570,kerudung,tipis,emas,aga,gada,label,tulis,bela,squarnya,kalo,warna,bener,salah,gada,barang,,,,,,,,,,,,,,,,,,,,,,,,,
document_571,kecewa,banget,sen,warna,warna,udah,nunguin,beda,warna,kasih,bintang,biar,baca,,,,,,,,,,,,,,,,,,,,,,,,,,,
document_572,pengirimanya,sampe,chat,kirim,,,,,,,,,,,,,,,,,,,,,,,,,,,,,,,,,,,,
document_573,banget,pengirimanya,semingu,kirim,buruk,kualitas,sesuai,harga,bahan,tipis,terawang,ukur,nila,harga,segitu,,,,,,,,,,,,,,,,,,,,,,,,,
document_574,jilbab,gelap,foto,beda,seragam,,,,,,,,,,,,,,,,,,,,,,,,,,,,,,,,,,,
document_575,salah,warna,butuh,maron,eh,hitam,paksa,beli,toko,udah,banget,nungu,emas,warna,abu,tk,ad,warna,biru,,,,,,,,,,,,,,,,,,,,,
document_576,bagus,pengemasanan,pake,banget,sampe,gila,aja,bngt,,,,,,,,,,,,,,,,,,,,,,,,,,,,,,,,
document_577,bagus,pol,jahit,rapi,komplit,sayang,aja,beneran,kecewa,hasil,tungu,tungu,,,,,,,,,,,,,,,,,,,,,,,,,,,,
document_578,beli,warna,hijau,pupus,charcoal,silver,tan,sma,smoke,grey,lumayan,kecewa,warna,sesuai,sma,gambar,kirim,lumayan,,,,,,,,,,,,,,,,,,,,,,
document_579,sayang,sen,krudung,bandana,rajut,bandana,rajut,adatolong,seller,teliti,lgimakasih,mas,kurir,,,,,,,,,,,,,,,,,,,,,,,,,,,
document_580,kerudung,dipake,lebarantapi,grgr,overload,terima,skrg,ah,kecewa,gajadi,dipake,pas,lebaran,,,,,,,,,,,,,,,,,,,,,,,,,,,
document_581,tipis,susah,bentuk,wajah,,,,,,,,,,,,,,,,,,,,,,,,,,,,,,,,,,,,
document_582,mesen,kerudung,bandana,banda,krim,bukti,lupa,vidioin,sat,unboxing,,,,,,,,,,,,,,,,,,,,,,,,,,,,,,
document_583,sen,moca,warna,gin,hm,kali,teliti,,,,,,,,,,,,,,,,,,,,,,,,,,,,,,,,,
document_584,barang,banget,salah,ealah,warna,wardag,kasih,ijo,gimana,makasih,,,,,,,,,,,,,,,,,,,,,,,,,,,,,,
document_585,harga,murmer,kualitas,murah,warna,cantik,cantik,bangetharga,kantong,ajar,banget,,,,,,,,,,,,,,,,,,,,,,,,,,,,,
document_586,gapernah,kecewa,belanja,toko,poko,the,best,banget,,,,,,,,,,,,,,,,,,,,,,,,,,,,,,,,
document_587,warna,salah,kecewa,sesuai,pesan,pese,choco,kirim,chorcoal,beda,warna,jual,bilang,warna,ajuin,kembali,tp,aja,gp,terima,kali,teliti,udh,masuk,produk,laris,nomor,loh,,,,,,,,,,,,
document_588,kecewa,banget,beli,charcoal,kirim,coklat,udah,chat,seller,nga,respon,,,,,,,,,,,,,,,,,,,,,,,,,,,,,
document_589,udh,belanja,kali,bener,kecewa,,,,,,,,,,,,,,,,,,,,,,,,,,,,,,,,,,,
document_590,barang,buka,hasil,tipis,banget,jilbab,pengirimanya,banhet,mingu,,,,,,,,,,,,,,,,,,,,,,,,,,,,,,,
document_591,kirim,pake,pokok,oke,banget,harga,murmer,,,,,,,,,,,,,,,,,,,,,,,,,,,,,,,,,
document_592,kecewa,banget,pese,teliti,banget,kiri,,,,,,,,,,,,,,,,,,,,,,,,,,,,,,,,,,
document_593,warna,beda,banget,foto,foto,mah,kek,coklat,gitu,pink,muda,gitu,aelah,nyesel,w,salah,warna,baju,,,,,,,,,,,,,,,,,,,,,,
document_594,pesan,kali,barang,lumayan,harga,segitu,cmn,pingiranya,rentan,cuci,pke,mesin,cuci,mrudul,wkwk,,,,,,,,,,,,,,,,,,,,,,,,,
document_595,warna,pink,si,pdhl,pesan,warna,milo,,,,,,,,,,,,,,,,,,,,,,,,,,,,,,,,,
document_596,bagus,banget,nyesel,beli,aja,kualitas,oke,mantul,,,,,,,,,,,,,,,,,,,,,,,,,,,,,,,,
document_597,pesan,kecewa,pelayananya,doangpengiriman,sdi,chat,gk,balas,udah,pas,batal,pesan,tolak,jual,chat,kemarin,balas,langsung,kirim,bela,bahan,tipis,licin,banget,lai,bagus,,,,,,,,,,,,,,
document_598,sekian,kali,beli,ragu,kualiatas,bagus,banget,barang,nga,nyesel,beli,,,,,,,,,,,,,,,,,,,,,,,,,,,,,
document_599,sen,warna,putih,sampe,warna,abu,abu,beli,aja,udah,kecewa,banget,,,,,,,,,,,,,,,,,,,,,,,,,,,,
document_600,sampah,,,,,,,,,,,,,,,,,,,,,,,,,,,,,,,,,,,,,,,
document_601,lumayan,kirim,rada,telat,,,,,,,,,,,,,,,,,,,,,,,,,,,,,,,,,,,,
document_602,kirim,lambat,,,,,,,,,,,,,,,,,,,,,,,,,,,,,,,,,,,,,,
document_603,paket,bahan,bagus,muat,saya,besar,,,,,,,,,,,,,,,,,,,,,,,,,,,,,,,,,,
document_604,mantul,bahan,legingnya,halus,ragu,kalo,beli,makasih,,,,,,,,,,,,,,,,,,,,,,,,,,,,,,,,
document_605,hm,map,bintang,foto,asli,kaya,foto,testi,beda,sedih,banget,udah,expect,gatau,krn,faktor,belanja,event,gitu,,,,,,,,,,,,,,,,,,,,,
document_606,warna,sesuai,ekspektasipesenya,warna,dark,blue,blue,snowyaudahlah,yamau,direturn,jg,males,ribet,tau,celana,aku,mengendutkok,pas,banget,yapadahal,pke,uk,,,,,,,,,,,,,,,,,,
document_607,rada,kecewa,warna,item,biru,dongker,tp,gelap,banget,kali,beli,tp,pertma,suka,beda,sm,,,,,,,,,,,,,,,,,,,,,,,,
document_608,kecewa,pesan,ukur,satu,muat,sempit,,,,,,,,,,,,,,,,,,,,,,,,,,,,,,,,,,
document_609,kecewa,bngt,udah,kali,tetep,aja,salah,warnakalo,retur,rugi,teliti,banget,packingnya,udah,chat,dingetin,kalo,pese,warna,itemtapi,tetep,salah,,,,,,,,,,,,,,,,,,
document_610,kecewa,utk,sen,inidari,segi,warna,salahpesen,darkblue,snowblacksize,jg,salah,size,dqtang,size,tp,size,,,,,,,,,,,,,,,,,,,,,,,,
document_611,kecewa,sen,warna,hitam,pas,snow,black,trs,uk,gede,sempit,perut,pdhl,b,turun,,,,,,,,,,,,,,,,,,,,,,,,,
document_612,pesan,pesan,celana,jeans,kulot,tpi,jeans,kulot,kecewa,banget,toko,amanah,klo,barang,habis,bilang,mbak,,,,,,,,,,,,,,,,,,,,,,,
document_613,kecewa,banget,sesuai,pesan,gimana,min,tangung,,,,,,,,,,,,,,,,,,,,,,,,,,,,,,,,,
document_614,bahan,kecewa,bahan,bner,bagus,asli,pict,sayang,ristleting,buton,hole,masalah,risletingnya,susah,dinaikin,buton,hole,tutup,mon,map,susah,motong,hole,celana,jeans,kali,mohon,liat,detail,masmba,seller,,,,,,,,,
document_615,kecewa,sya,pesan,ukur,m,dtengin,xl,,,,,,,,,,,,,,,,,,,,,,,,,,,,,,,,,
document_616,kecewa,bahan,kasar,kl,cuci,aja,psti,mruwul,,,,,,,,,,,,,,,,,,,,,,,,,,,,,,,,
document_617,kecewa,beli,beda,warna,merk,,,,,,,,,,,,,,,,,,,,,,,,,,,,,,,,,,,
document_618,kecewa,bahan,tipis,,,,,,,,,,,,,,,,,,,,,,,,,,,,,,,,,,,,,
document_619,kecewapadahal,udh,ukur,xl,tp,tp,aja,kasih,,,,,,,,,,,,,,,,,,,,,,,,,,,,,,,,
document_620,jahit,jelek,benang,gungting,kecewa,,,,,,,,,,,,,,,,,,,,,,,,,,,,,,,,,,,
document_621,bahan,jelek,tipis,udah,robek,tolong,yng,jual,amanah,,,,,,,,,,,,,,,,,,,,,,,,,,,,,,,
document_622,kecewa,ukur,sen,xl,xl,udah,kaya,ukur,l,,,,,,,,,,,,,,,,,,,,,,,,,,,,,,,
document_623,kecewa,gmbar,sesuai,aslix,bahnx,jelek,bngat,udah,gtu,kirim,bngat,mudah,cs,suka,si,,,,,,,,,,,,,,,,,,,,,,,,,
document_624,kancing,kiri,mas,jait,,,,,,,,,,,,,,,,,,,,,,,,,,,,,,,,,,,,
document_625,maaf,bintang,respon,jual,lambat,kirim,jg,lambat,kecewa,,,,,,,,,,,,,,,,,,,,,,,,,,,,,,,
document_626,kecewa,banget,si,pdhl,udah,dicht,smpe,slah,warna,eh,tep,aja,salahpesen,navy,dtg,pink,utg,pink,nude,jd,oke,dipakelain,kali,qc,bner,liat,variasi,kirim,suruh,kembali,dana,males,ribet,,,,,,,
document_627,aga,kecewa,noda,sedikitpadahal,sdh,pesan,k,x,,,,,,,,,,,,,,,,,,,,,,,,,,,,,,,,
document_628,proses,banget,sampe,semingu,dr,sabtu,sampe,jumat,pesan,sabtu,kirim,selasa,box,ancur,beranta,banget,box,klo,rusak,ekspedisi,engak,sampe,kayak,gin,murni,dr,seller,jg,udah,ancur,seller,china,gudang,indo,lambat,gin,,,,
document_629,kecewa,celana,inipas,buka,kotor,banget,untung,bersih,langsung,cuci,makasih,,,,,,,,,,,,,,,,,,,,,,,,,,,,,
document_630,ih,jelek,banget,tipis,sesuai,gambar,bana,tipis,banget,kaya,kulit,bawang,terawang,kecewa,banget,toko,jual,barang,ngerugin,konsumen,beli,toko,menang,pekejing,aja,bagus,isi,jelek,kaya,toko,,,,,,,,,,
document_631,model,jelek,turut,foto,kulot,dr,toko,foto,punya,jatuh,kulot,ngepres,badan,ngeliatin,bentuk,badan,leku,pingul,ku,liat,banget,foto,liat,lebar,bawah,tp,ngatung,rekomen,,,,,,,,,,,,
document_632,kecewa,euy,kirain,al,size,ukuranya,gede,wkwkwkw,m,,,,,,,,,,,,,,,,,,,,,,,,,,,,,,,
document_633,jelek,kalingk,sesuai,ftbahan,tipismerawangkecil,lagijdi,liat,kurus,,,,,,,,,,,,,,,,,,,,,,,,,,,,,,,,
document_634,gk,salah,kirim,kakak,bahan,tipis,bat,terawang,kek,celana,tidur,tsay,al,size,gue,kek,bat,pingang,mon,map,mah,,,,,,,,,,,,,,,,,,,
document_635,nila,harga,segitu,al,size,,,,,,,,,,,,,,,,,,,,,,,,,,,,,,,,,,,
document_636,celana,harga,rb,asa,celana,harga,ribu,tipis,nerawang,gantung,jelek,kali,belanja,toko,bener,kecewa,g,sesuai,ekspektasi,tokoh,amanah,,,,,,,,,,,,,,,,,,,
document_637,poko,jelek,barang,banget,adik,,,,,,,,,,,,,,,,,,,,,,,,,,,,,,,,,,,
document_638,sdh,batal,tolak,alhasil,ndk,pakai,tuh,celana,,,,,,,,,,,,,,,,,,,,,,,,,,,,,,,,
document_639,celana,tipis,tb,pendek,banget,ngatung,,,,,,,,,,,,,,,,,,,,,,,,,,,,,,,,,,
document_640,bahan,tipiskaret,kencang,b,muat,min,,,,,,,,,,,,,,,,,,,,,,,,,,,,,,,,,,
document_641,bahan,tipis,kecewa,,,,,,,,,,,,,,,,,,,,,,,,,,,,,,,,,,,,,
document_642,kayak,kulot,yagak,kecewacuman,gk,papa,deg,,,,,,,,,,,,,,,,,,,,,,,,,,,,,,,,,
document_643,ukur,l,celana,wide,leg,,,,,,,,,,,,,,,,,,,,,,,,,,,,,,,,,,,
document_644,kecil,bahan,rayang,kecewa,barang,nyabarang,taro,rumah,rumah,orang,,,,,,,,,,,,,,,,,,,,,,,,,,,,,,
document_645,kecewa,celana,y,ukur,b,muat,,,,,,,,,,,,,,,,,,,,,,,,,,,,,,,,,,
document_646,panjang,celana,pantat,sesak,beli,ukur,m,pendek,gendut,ueueueue,sedih,banget,beli,ukur,biar,ps,eueueueue,,,,,,,,,,,,,,,,,,,,,,,
document_647,kecewa,dg,kirim,pakai,salah,kirim,lagikurirnya,tau,tuhsbdjdkwjehdbejwjbdbqjajhdhdjsjwjwjwjbd,,,,,,,,,,,,,,,,,,,,,,,,,,,,,,,
document_648,kakini,sengajasalah,kirim,gimana,label,ukur,m,bner,xl,xl,ukur,merk,asli,lho,,,,,,,,,,,,,,,,,,,,,,,,,,
document_649,banget,untung,beli,karet,elastis,huhu,syg,bgtpdhl,b,ku,kg,jg,,,,,,,,,,,,,,,,,,,,,,,,,,,,
document_650,warna,beda,tolong,depa,perhati,udah,kasih,note,,,,,,,,,,,,,,,,,,,,,,,,,,,,,,,,
document_651,kecewa,ukur,l,tp,kaya,ukur,m,banget,bahan,tipis,standar,,,,,,,,,,,,,,,,,,,,,,,,,,,,,
document_652,karet,melar,jd,rada,susah,masuktp,jahit,rapibahan,standart,harga,segitu,,,,,,,,,,,,,,,,,,,,,,,,,,,,,
document_653,kecewa,produk,pingangnya,jahit,ketat,karetgak,masuk,pingangpisatnya,bawah,lang,dikit,aja,robek,,,,,,,,,,,,,,,,,,,,,,,,,,,
document_654,sempit,berat,kg,pingang,karet,pas,liat,apan,gx,ngaret,coba,susah,masuk,,,,,,,,,,,,,,,,,,,,,,,,,,,
document_655,kecewa,ukur,size,l,xl,beli,l,pesan,ukur,xl,kecilentah,salah,d,mana,bingung,ngasih,bintang,klo,cepat,sampai,aja,maaf,loh,min,,,,,,,,,,,,,,,,
document_656,kecewa,banget,celana,banget,ambil,ukur,xl,coba,temenku,pake,m,aja,pas,banget,parah,dipake,kerja,,,,,,,,,,,,,,,,,,,,,,,
document_657,bahan,jelek,banget,jaitan,rapih,ukur,kecil,pdhl,mesen,nomor,udh,kaya,nomor,kecilnye,parah,kecewa,banget,bru,kali,mesen,shope,dapet,barang,jelek,,,,,,,,,,,,,,,,
document_658,sesuai,pesan,uk,eh,krm,uk,kecewa,banget,kali,in,belanja,online,kecewa,,,,,,,,,,,,,,,,,,,,,,,,,,,
document_659,maaf,sblumnya,salah,kirim,produk,gin,banget,mah,kado,pacar,realfick,sepatu,box,cmn,plastikin,trus,renyok,gk,kam,trus,robek,samping,kali,bicara,sesuai,pakta,mbakpak,gin,susah,customer,,,,,,,,,,
document_660,pesa,cd,hamil,warna,hitam,bh,pasang,warna,hitam,eh,parah,pengirimanya,,,,,,,,,,,,,,,,,,,,,,,,,,,,
document_661,layan,jelek,parah,toko,salah,kirim,barang,tp,nyalahin,beli,cek,video,unboxing,kabar,bkin,emosi,aja,br,kali,belanja,toko,ruwet,,,,,,,,,,,,,,,,,,
document_662,udah,kali,beli,kali,kecewa,warna,hitam,datang,cream,stock,warna,hitam,habis,tolong,hapus,aja,pilih,menu,jd,bs,pilih,warna,seller,terimakasih,,,,,,,,,,,,,,,,
document_663,x,beli,bener,size,warna,pesan,kali,salah,warna,size,bener,order,bener,order,tiga,warna,bener,sizenya,gede,,,,,,,,,,,,,,,,,,,,,
document_664,pilih,abu,kirim,pink,kalo,stok,kosong,besok,info,kirim,,,,,,,,,,,,,,,,,,,,,,,,,,,,,,
document_665,pengirimanya,chat,dipickup,beli,kecewa,,,,,,,,,,,,,,,,,,,,,,,,,,,,,,,,,,,
document_666,pes,pingang,karet,kirim,layan,buruk,kali,kirim,pesan,liat,pes,jgn,kirim,aja,mg,pesan,konfirmasi,biar,konsumen,kecewa,,,,,,,,,,,,,,,,,,,,
document_667,pesan,hitam,polos,kancing,hitam,dtg,merek,amanah,toko,klau,stok,bilang,jngan,ganti,brg,,,,,,,,,,,,,,,,,,,,,,,,,
document_668,kirim,toko,ngasih,barang,kurir,parah,tp,kwalita,baju,ok,,,,,,,,,,,,,,,,,,,,,,,,,,,,,,
document_669,warna,sesuai,lilac,abu,warna,sen,lilac,kembar,warna,keluarga,emas,lebaran,kecewa,bahan,oke,,,,,,,,,,,,,,,,,,,,,,,,,
document_670,wil,be,my,first,last,time,pesan,kemeja,salah,ukur,pese,ukur,m,eh,l,salah,kemeja,robek,warna,hitam,ortu,jaitin,nambal,rugi,banget,banget,untung,kakek,beli,refund,,,,,,,,,,
document_671,shope,mal,embel,doang,kualitas,apan,kek,baju,pasar,usus,blm,potong,sobek,lg,ukur,m,kayak,ukur,xl,kecewa,pokok,recomend,packing,banget,,,,,,,,,,,,,,,,
document_672,kecewa,pesan,tamgan,tangan,pendek,,,,,,,,,,,,,,,,,,,,,,,,,,,,,,,,,,,
document_673,gimana,kirim,mingu,pesan,m,kirim,l,,,,,,,,,,,,,,,,,,,,,,,,,,,,,,,,,
document_674,salah,kirim,euy,gue,sen,kemeja,batik,elu,kirim,beda,plis,atuh,euy,fokus,ai,keur,ngirim,barang,th,nyaho,malikeun,na,deui,jaba,sulawesi,da,aing,th,meuli,menta,kecewa,pis,ku,layan,jual,toko,,,,
document_675,kurangsuka,kain,kasar,sma,nerawang,banget,tuh,kain,katunx,kek,aja,tau,kayk,katun,rami,gitu,,,,,,,,,,,,,,,,,,,,,,,,
document_676,kecewa,berat,barang,bolong,bekas,rokok,seller,gmna,d,kirim,rusak,citra,seller,,,,,,,,,,,,,,,,,,,,,,,,,,,
document_677,sen,kirim,ukur,kecewa,pake,banget,chat,adminya,x,jam,chat,respon,,,,,,,,,,,,,,,,,,,,,,,,,,,,
document_678,cepat,kirim,baikproduk,sesuai,harga,,,,,,,,,,,,,,,,,,,,,,,,,,,,,,,,,,,
document_679,bahan,adem,super,lembut,banget,mah,bagus,baget,bahan,adem,super,lembut,banget,mah,bagus,baget,bahan,adem,super,lembut,banget,mah,bagus,baget,bahan,adem,super,lembut,banget,mah,bagus,baget,,,,,,,,
document_680,alhamdulilah,foto,asli,bagus,banget,bahana,tebal,halus,muas,banget,pokoa,tokoa,amanah,pis,tks,al,,,,,,,,,,,,,,,,,,,,,,,,
document_681,cakep,bahan,oke,harga,promo,cakep,pokok,,,,,,,,,,,,,,,,,,,,,,,,,,,,,,,,,
document_682,bagus,bahan,tebal,ori,warna,cantik,suka,langanan,dsini,,,,,,,,,,,,,,,,,,,,,,,,,,,,,,,
document_683,alahmdulilah,akhrinya,baju,muslim,koko,rumah,amanah,banget,sukses,kurir,sophie,,,,,,,,,,,,,,,,,,,,,,,,,,,,,
document_684,bahan,bagus,adem,dipake,warna,bagus,kirim,jg,cepat,,,,,,,,,,,,,,,,,,,,,,,,,,,,,,,
document_685,alhamdulilah,udah,sampe,suka,bahan,adem,jstuh,banget,bad,nurut,dipasangin,kulot,rok,cucok,makasih,,,,,,,,,,,,,,,,,,,,,,,,,
document_686,kain,bgus,tipis,tpi,gk,nerawang,bnget,bhnya,adem,gk,pnas,suka,bnget,jaitanya,rapi,atar,jgk,cepat,bgus,,,,,,,,,,,,,,,,,,,,,
document_687,kualitas,prduk,baikecepatan,rim,baiksemoga,memebrikan,baik,makasih,kakak,,,,,,,,,,,,,,,,,,,,,,,,,,,,,,,
document_688,barang,bagus,kirim,cepat,makasih,,,,,,,,,,,,,,,,,,,,,,,,,,,,,,,,,,,
document_689,pesan,kakbah,cakep,murah,tp,kulaitas,oke,banget,,,,,,,,,,,,,,,,,,,,,,,,,,,,,,,,
document_690,bahan,bagus,surprisingly,panjang,tb,ketat,bagi,pangul,nyaman,dipakenya,makasih,seller,cepet,banget,sampenya,hehe,,,,,,,,,,,,,,,,,,,,,,,,
document_691,barang,ok,banget,bagus,sesuai,hargarespon,cepat,kirim,cepat,moga,pakai,awet,terimakasih,seller,,,,,,,,,,,,,,,,,,,,,,,,,,
document_692,barang,foto,asli,aman,minus,kacamata,penyok,photocromicnya,ubah,warna,kemas,aman,kacamata,aman,minus,ditu,aja,cacat,kacamata,moga,langanan,time,pesan,,,,,,,,,,,,,,,,,
document_693,dr,item,terima,sesuai,ekspektasi,si,mg,harga,rupa,tp,banding,jam,pesan,not,nila,to,buy,warna,cenderung,cream,panel,adjust,patah,gbsa,adjust,atur,ulang,jam,nyala,,,,,,,,,,,
document_694,suka,banget,kualitas,bagus,barang,sesuai,besar,pingang,kirain,sesuai,kemarin,no,kecil,besar,banget,,,,,,,,,,,,,,,,,,,,,,,,,
document_695,alhamdulilah,trimakasih,kakak,din,trimakasih,admin,admin,trimakasih,shope,pokokx,barangx,mantul,,,,,,,,,,,,,,,,,,,,,,,,,,,,
document_696,pngrmn,cptbahan,sesuai,harga,,,,,,,,,,,,,,,,,,,,,,,,,,,,,,,,,,,,
document_697,bagus,banget,emas,kirim,cepet,banget,wort,harga,segitu,aga,besar,dkit,pdhal,no,b,,,,,,,,,,,,,,,,,,,,,,,,,
document_698,bagus,kirim,cepat,nyaman,dipake,dus,penyok,gapapa,isi,bagus,,,,,,,,,,,,,,,,,,,,,,,,,,,,,,
document_699,bahan,lembut,pol,lebih,ekspektasi,warna,cantik,banget,sesuai,gambar,suka,banget,model,cuman,sayang,lenga,cuman,pake,manset,dalem,coba,versi,lengen,panjang,,,,,,,,,,,,,,,,
document_700,bagus,banget,buset,,,,,,,,,,,,,,,,,,,,,,,,,,,,,,,,,,,,,
document_701,udah,pesan,kali,baju,sesuai,pesan,emas,cepet,puas,pokok,,,,,,,,,,,,,,,,,,,,,,,,,,,,,,
document_702,terima,kasih,paket,kemas,produk,sesuai,gambar,adasaya,suka,,,,,,,,,,,,,,,,,,,,,,,,,,,,,,,
document_703,alhamdulilah,celanaya,muat,kirain,kecil,bagus,,,,,,,,,,,,,,,,,,,,,,,,,,,,,,,,,,
document_704,bagus,banget,celana,harga,murah,kwalitas,oke,gk,nyesel,pkoknya,pesan,,,,,,,,,,,,,,,,,,,,,,,,,,,,,
document_705,barang,bagus,kirim,lumayan,cepet,moga,amanah,,,,,,,,,,,,,,,,,,,,,,,,,,,,,,,,,
document_706,kirim,cepet,banget,baju,sesuai,ekspetasi,ngecewain,poko,pgn,pesan,warna,,,,,,,,,,,,,,,,,,,,,,,,,,,,,
document_707,a,nyaman,bngt,sumpah,nyesel,cuman,beli,kenya,si,beli,takut,jelek,eh,bagus,bangt,moga,awet,cepet,bolong,si,makas,seller,,,,,,,,,,,,,,,,,,
document_708,bagus,barang,foto,asli,syuka,toko,amanah,terimakasih,,,,,,,,,,,,,,,,,,,,,,,,,,,,,,,,
document_709,keren,,,,,,,,,,,,,,,,,,,,,,,,,,,,,,,,,,,,,,,
document_710,bagus,banget,kacamata,kuat,kokoh,harga,jangkau,,,,,,,,,,,,,,,,,,,,,,,,,,,,,,,,,
document_711,bagus,banget,nila,pas,banget,kak,nyaman,dipakenya,suka,,,,,,,,,,,,,,,,,,,,,,,,,,,,,,,
document_712,terima,kasihsesuai,pesan,bagus,inti,sesuai,warnaya,,,,,,,,,,,,,,,,,,,,,,,,,,,,,,,,,
document_713,alhamdulilah,kirim,cepet,banget,moga,nyaman,pake,,,,,,,,,,,,,,,,,,,,,,,,,,,,,,,,,
document_714,bagus,harga,murah,dapet,kulot,kian,bahan,tebal,tipis,kirim,lumayan,cepat,,,,,,,,,,,,,,,,,,,,,,,,,,,,
document_715,seller,fast,resp,andal,pesan,benarbenar,jaga,privasi,produk,sesuai,gambar,terang,puas,banget,moga,langanan,thx,seller,sukses,,,,,,,,,,,,,,,,,,,,,
document_716,beli,baca,reviewnya,bilang,bahan,enak,ku,terima,bahan,aja,cenderung,panas,jatuh,foto,barang,salah,hehe,kasih,bintang,pelayananya,cepat,bintang,bahan,celana,,,,,,,,,,,,,,,,
document_717,wowkeren,sepatu,trm,ksh,shope,kurir,,,,,,,,,,,,,,,,,,,,,,,,,,,,,,,,,,
document_718,produk,aman,bahan,enak,tebal,terima,kasih,,,,,,,,,,,,,,,,,,,,,,,,,,,,,,,,,
document_719,rekomended,bagus,suka,makasih,admin,,,,,,,,,,,,,,,,,,,,,,,,,,,,,,,,,,,
document_720,beli,kali,bahan,bagus,banget,enak,banget,d,pake,,,,,,,,,,,,,,,,,,,,,,,,,,,,,,,
document_721,neng,banget,sampe,kualitas,bagus,banget,adem,bahan,time,pesan,,,,,,,,,,,,,,,,,,,,,,,,,,,,,,
document_722,barang,bagus,gapernah,kecewa,ma,sya,alah,terimakasih,seller,moga,lancar,usaha,amin,,,,,,,,,,,,,,,,,,,,,,,,,,,
document_723,barang,g,kecewa,puas,banget,kirim,cpet,insya,langanan,dech,maaf,g,ad,ft,asli,asli,udah,bawa,,,,,,,,,,,,,,,,,,,,,,
document_724,kirim,cepat,bahan,adem,putih,nerawang,pake,dalem,terimakasih,seller,,,,,,,,,,,,,,,,,,,,,,,,,,,,,,
document_725,bagus,banget,,,,,,,,,,,,,,,,,,,,,,,,,,,,,,,,,,,,,,
document_726,bagus,banget,,,,,,,,,,,,,,,,,,,,,,,,,,,,,,,,,,,,,,
document_727,produk,kualitas,harga,jangkau,emas,aman,,,,,,,,,,,,,,,,,,,,,,,,,,,,,,,,,,
document_728,bagus,pake,banget,sesuai,size,toko,amanah,terimakasih,seller,terimakasih,kurir,,,,,,,,,,,,,,,,,,,,,,,,,,,,,
document_729,barang,bagus,klu,pesan,nga,zonk,,,,,,,,,,,,,,,,,,,,,,,,,,,,,,,,,,
document_730,ahshshahsha,bagus,banget,pls,sy,tidk,sbgus,trnyta,bgs,banget,cug,jfdghah,,,,,,,,,,,,,,,,,,,,,,,,,,,,
document_731,bagus,pas,kaki,gratis,kaos,kaki,terima,kasih,,,,,,,,,,,,,,,,,,,,,,,,,,,,,,,,
document_732,a,bagus,banget,size,jg,pas,kaki,ku,ku,bagus,bagus,banget,btw,terimakasih,kakak,,,,,,,,,,,,,,,,,,,,,,,,,
document_733,alhamdulilah,paket,sampaibahanya,tipis,sesuai,harga,,,,,,,,,,,,,,,,,,,,,,,,,,,,,,,,,,
document_734,paket,selamat,rapih,terimakasih,seller,,,,,,,,,,,,,,,,,,,,,,,,,,,,,,,,,,,
document_735,bagus,bahan,tas,kirim,cepat,pokok,puas,,,,,,,,,,,,,,,,,,,,,,,,,,,,,,,,,
document_736,makasihbagus,puas,heheh,makasihmaf,sesuai,hfls,i,si,to,go,up,up,go,so,do,suhardi,sep,x,cyber,crush,v,urus,tuh,yung,,,,,,,,,,,,,,,,
document_737,alhamdulilah,barang,sampaipacking,rapi,kirim,cepat,harga,murce,bahan,tebal,,,,,,,,,,,,,,,,,,,,,,,,,,,,,,
document_738,mesan,pkny,langanan,suka,pakai,seamles,cd,rekomen,banget,,,,,,,,,,,,,,,,,,,,,,,,,,,,,,,
document_739,alhamdulilah,suka,produk,bagus,bahan,denim,lembut,serabut,serabut,panjang,dikit,tb,b,,,,,,,,,,,,,,,,,,,,,,,,,,,
document_740,bagus,banget,parah,maen,nila,inima,udah,bagus,banget,,,,,,,,,,,,,,,,,,,,,,,,,,,,,,,
document_741,sesuai,gambar,bagus,bnget,rekomended,harga,segitu,mantsp,,,,,,,,,,,,,,,,,,,,,,,,,,,,,,,,
document_742,udah,sampe,bagus,banget,bahan,adem,jatuh,gitu,cmn,dkit,gantung,ni,pdhl,dh,ambil,ukur,l,puas,la,pas,harga,sgitu,,,,,,,,,,,,,,,,,,
document_743,bagus,banget,sesuai,pilih,kirim,cepat,thank,you,kakak,,,,,,,,,,,,,,,,,,,,,,,,,,,,,,,
document_744,harga,murah,kualitas,top,markotop,,,,,,,,,,,,,,,,,,,,,,,,,,,,,,,,,,,
document_745,jeans,bagus,si,tp,gambar,bawah,ko,pas,bawah,sobek,si,,,,,,,,,,,,,,,,,,,,,,,,,,,,,
document_746,mantep,barang,sesuai,pesan,emas,sm,kirim,cpt,bgtsih,mantul,,,,,,,,,,,,,,,,,,,,,,,,,,,,,,
document_747,pesan,darat,aman,bahan,lembut,terimakasih,seller,,,,,,,,,,,,,,,,,,,,,,,,,,,,,,,,,
document_748,kualitas,produk,harga,murah,segitu,pengirimanya,cepat,banget,jual,fast,respon,pesan,,,,,,,,,,,,,,,,,,,,,,,,,,,,
document_749,bahan,produk,suka,sekli,kakak,nti,pesan,,,,,,,,,,,,,,,,,,,,,,,,,,,,,,,,,
document_750,bahan,lembut,adem,nyaman,pakai,varian,warna,pengirimanya,cepet,terimakasih,seller,,,,,,,,,,,,,,,,,,,,,,,,,,,,,
document_751,kurang,moga,muatnyaman,hamil,emas,lamamungkin,krn,teliti,cek,ulang,biar,pelang,puas,terimakasih,,,,,,,,,,,,,,,,,,,,,,,,,,
document_752,bagus,,,,,,,,,,,,,,,,,,,,,,,,,,,,,,,,,,,,,,,
document_753,barang,sdh,darat,kualitas,bagus,kirim,sesuai,estimasi,,,,,,,,,,,,,,,,,,,,,,,,,,,,,,,,
document_754,serius,mah,bagus,bahan,dingin,gk,gampang,kusut,ukur,pas,banget,b,kg,baju,ok,nyesel,beli,hihi,,,,,,,,,,,,,,,,,,,,,,
document_755,alhamdulilah,uda,bagus,smua,punterimakasih,kakak,,,,,,,,,,,,,,,,,,,,,,,,,,,,,,,,,,
document_756,terimakasih,seller,barang,packing,aman,customer,suka,hehe,thank,u,,,,,,,,,,,,,,,,,,,,,,,,,,,,,,
document_757,harga,murah,barang,sesuai,harga,lepas,jahit,maaf,foto,sesuai,dngan,barang,,,,,,,,,,,,,,,,,,,,,,,,,,,,
document_758,terimakasih,ka,barang,bahan,adem,jual,ngasih,alternatif,warna,warna,dipengenin,hbis,repeat,pesan,,,,,,,,,,,,,,,,,,,,,,,,,,
document_759,harga,segitu,sya,murah,banget,bahana,tebal,enak,pakai,b,mnurut,sya,sdikit,longar,d,pingangtp,d,paha,ngepaskrna,lg,hamil,sat,initrimakasih,seller,,,,,,,,,,,,,,,,
document_760,bahan,adem,bagus,pake,ukur,xl,alhamdulilah,pas,,,,,,,,,,,,,,,,,,,,,,,,,,,,,,,,
document_761,alhamdulilah,terimakasih,kakak,smga,berkah,sehat,sukses,jual,amin,rabalalamin,,,,,,,,,,,,,,,,,,,,,,,,,,,,,,
document_762,beli,dtoko,produk,bagus,harga,murah,terjangkaupokoknya,nyesel,beli,dsinirecomended,banget,,,,,,,,,,,,,,,,,,,,,,,,,,,,,
document_763,sepatu,bagus,bahan,lumayan,gede,dikit,gp,time,belanja,,,,,,,,,,,,,,,,,,,,,,,,,,,,,,,
document_764,kualitas,produk,harga,cepat,kirim,maaf,video,semua,,,,,,,,,,,,,,,,,,,,,,,,,,,,,,,,
document_765,kualitas,produk,produk,original,harga,produk,cepat,emas,pengiriminan,cepat,respon,jual,,,,,,,,,,,,,,,,,,,,,,,,,,,,
document_766,cakep,tas,nyaharga,murahagak,kirim,nyathanks,,,,,,,,,,,,,,,,,,,,,,,,,,,,,,,,,,
document_767,benarbenar,asli,pick,bagus,banget,kali,mes,terimakasih,moga,pelang,suka,,,,,,,,,,,,,,,,,,,,,,,,,,,,,
document_768,sepatu,pas,bagus,suka,kirim,cepat,,,,,,,,,,,,,,,,,,,,,,,,,,,,,,,,,,
document_769,bagus,makasih,packing,aman,rapi,,,,,,,,,,,,,,,,,,,,,,,,,,,,,,,,,,,
document_770,bagus,babget,ngk,nyesel,beli,pesan,kurir,ramah,banget,,,,,,,,,,,,,,,,,,,,,,,,,,,,,,,
document_771,alhamdulilah,barang,kualitas,produk,mantabs,jiwa,kirim,cepat,terimakasih,bos,,,,,,,,,,,,,,,,,,,,,,,,,,,,,,
document_772,kualitas,produk,produk,original,harga,produk,baikp,,,,,,,,,,,,,,,,,,,,,,,,,,,,,,,,,
document_773,bagus,pokok,bagus,mantap,harga,the,best,bagus,,,,,,,,,,,,,,,,,,,,,,,,,,,,,,,,
document_774,bagus,,,,,,,,,,,,,,,,,,,,,,,,,,,,,,,,,,,,,,,
document_775,keren,pas,banget,dia,sesuai,pseanan,,,,,,,,,,,,,,,,,,,,,,,,,,,,,,,,,,
document_776,barang,bagus,emas,standar,kirim,cepat,,,,,,,,,,,,,,,,,,,,,,,,,,,,,,,,,,
document_777,paket,sesuai,pesan,tas,bagus,bagus,terimakasih,,,,,,,,,,,,,,,,,,,,,,,,,,,,,,,,,
document_778,paket,alhamdulilah,kirim,cepet,udah,langanan,toko,terimakasih,kakak,sukses,jaga,kualitas,barang,,,,,,,,,,,,,,,,,,,,,,,,,,,
document_779,alhamdupilah,pesan,barang,bagus,spt,fre,kaos,kaki,,,,,,,,,,,,,,,,,,,,,,,,,,,,,,,,
document_780,bahan,ok,lh,tp,maaf,min,sayang,robek,quality,control,kaya,klo,smpe,sobek,gin,bintang,lg,toko,,,,,,,,,,,,,,,,,,,,,,
document_781,bagus,sesuai,harga,terimakasih,,,,,,,,,,,,,,,,,,,,,,,,,,,,,,,,,,,,
document_782,puas,belnja,d,sni,dtgx,sesuai,d,pajang,bsa,ksih,bnos,yaqch,soalx,bnyk,banget,belnja,tas,d,sni,,,,,,,,,,,,,,,,,,,,,
document_783,bagus,banget,sepatu,foto,asli,minus,kardus,aja,alhamdulilah,darat,dg,selamat,sepatu,nyaman,pakai,sol,empuk,moga,awet,terima,kasih,seller,,,,,,,,,,,,,,,,,,
document_784,terimakasih,barang,terima,kondisi,,,,,,,,,,,,,,,,,,,,,,,,,,,,,,,,,,,,
document_785,makasih,amanah,brg,dtg,sesuai,jumlahx,sesuai,motifx,,,,,,,,,,,,,,,,,,,,,,,,,,,,,,,,
document_786,recomended,bahan,lembut,adem,kirim,cepat,,,,,,,,,,,,,,,,,,,,,,,,,,,,,,,,,,
document_787,paket,sdh,sesuai,pesan,moga,anak,suka,terima,kasih,bos,pesan,lg,,,,,,,,,,,,,,,,,,,,,,,,,,,,
document_788,barang,sesuai,pesan,kirim,cepat,ok,terima,kasih,,,,,,,,,,,,,,,,,,,,,,,,,,,,,,,,
document_789,bagus,banget,barang,toko,rb,an,murah,kualitas,oke,banget,,,,,,,,,,,,,,,,,,,,,,,,,,,,,,
document_790,kualitas,barang,bagus,,,,,,,,,,,,,,,,,,,,,,,,,,,,,,,,,,,,,
document_791,makasih,bagus,banget,,,,,,,,,,,,,,,,,,,,,,,,,,,,,,,,,,,,,
document_792,bahan,bagus,asli,pict,god,job,smoga,amanah,,,,,,,,,,,,,,,,,,,,,,,,,,,,,,,,
document_793,hai,hai,terima,kasih,hijab,cantik,enga,nyesel,beli,enak,banget,sory,kasih,ulas,,,,,,,,,,,,,,,,,,,,,,,,,,
document_794,bahan,sesuai,harga,lumayan,ganti,hari,,,,,,,,,,,,,,,,,,,,,,,,,,,,,,,,,,
document_795,bagus,,,,,,,,,,,,,,,,,,,,,,,,,,,,,,,,,,,,,,,
document_796,terima,kasih,layan,order,menit,langsung,proses,pas,dicancel,double,pesan,sdh,d,pesan,jg,utk,penghargan,ting,bintang,langit,mudah,milik,toko,bs,cari,rejeki,lg,,,,,,,,,,,,,
document_797,belanja,saj,belanja,barang,kirim,jujur,kadangana,vidio,unboxing,toko,jujur,pikir,toko,jujur,jujur,barang,kirim,jera,akn,pesan,toko,,,,,,,,,,,,,,,,,,,
document_798,alhamdulilah,baju,kualitas,produk,bagus,bangat,,,,,,,,,,,,,,,,,,,,,,,,,,,,,,,,,,
document_799,selamat,overal,bagus,hehe,thx,,,,,,,,,,,,,,,,,,,,,,,,,,,,,,,,,,,
document_800,psn,kmren,hr,ni,sumpah,cepet,banget,psn,ukir,xl,alhamdulilah,pas,banget,makas,kaka,,,,,,,,,,,,,,,,,,,,,,,,,
document_801,suka,banget,bahan,bagus,,,,,,,,,,,,,,,,,,,,,,,,,,,,,,,,,,,,
document_802,kirim,sngt,cepat,selernya,fast,respon,ramah,banget,jual,ht,barang,asli,picture,harga,sgt,tahan,kakak,kualitas,smoga,jaya,ush,ragu,blanja,toko,recomend,pesan,,,,,,,,,,,,,,
document_803,kualitas,produk,produk,original,harga,produk,,,,,,,,,,,,,,,,,,,,,,,,,,,,,,,,,,
document_804,mantap,sesuai,gambar,sukses,,,,,,,,,,,,,,,,,,,,,,,,,,,,,,,,,,,,
document_805,makasih,bagus,banget,brg,gakafayang,salah,foto,asli,suka,banget,thx,u,kakak,pengrimana,cpt,banget,,,,,,,,,,,,,,,,,,,,,,,,
document_806,bagus,banget,gaes,asli,pict,kirim,cepatnext,pesan,,,,,,,,,,,,,,,,,,,,,,,,,,,,,,,,
document_807,subhana,bagus,bangety,bahan,enak,ih,fix,inimah,langanan,murah,nyaman,dipakenya,wkwk,terhura,moga,lancar,usaha,,,,,,,,,,,,,,,,,,,,,,,
document_808,pertm,kali,pesan,brng,lengkap,bgus,bnget,pelang,ku,suka,smua,kirim,cpt,emas,super,rapi,aman,sukses,trus,kakak,prthnkn,kualitas,brng,pesan,,,,,,,,,,,,,,,,
document_809,alhamdulilah,barang,sesuai,,,,,,,,,,,,,,,,,,,,,,,,,,,,,,,,,,,,,
document_810,dukuh,baju,bagus,banget,bahan,jg,adem,suka,banget,makasih,toko,kirim,cpt,banget,kirai,pas,gaji,eh,cpt,dr,gaji,,,,,,,,,,,,,,,,,,,
document_811,barang,kirim,cepat,maaf,lambat,,,,,,,,,,,,,,,,,,,,,,,,,,,,,,,,,,,
document_812,suka,produk,item,the,best,kain,nyaman,d,pakai,ken,pesan,lg,,,,,,,,,,,,,,,,,,,,,,,,,,,,
document_813,produk,bagus,nyaman,pakai,moga,awet,tahan,,,,,,,,,,,,,,,,,,,,,,,,,,,,,,,,,
document_814,mantap,barang,kirim,cepat,maksih,,,,,,,,,,,,,,,,,,,,,,,,,,,,,,,,,,,
document_815,kirim,super,cepat,banget,jam,kali,paket,udah,bahan,suka,banget,adem,nyaman,pas,dipake,the,asli,kulot,premium,the,best,pokok,,,,,,,,,,,,,,,,,,
document_816,alhamdulilah,barang,sesuai,pesan,,,,,,,,,,,,,,,,,,,,,,,,,,,,,,,,,,,,
document_817,overal,bagus,harga,gin,size,m,beda,cuting,size,m,warna,hijau,beda,cuting,lengan,size,m,warna,hitam,warna,hijau,lebar,pendek,warna,hitam,cek,pas,proses,produksi,,,,,,,,,,,
document_818,pokok,recoment,bnget,bahan,bagus,mudah,bentuk,is,the,bestlh,,,,,,,,,,,,,,,,,,,,,,,,,,,,,,
document_819,produk,bagus,sesuai,gambar,banget,gitu,hahahah,kirain,uk,gede,kaki,gw,pas,uk,beli,sepatu,gitu,inti,toko,barang,bagus,harga,jangkau,gitu,enga,nyesel,beli,,,,,,,,,,,,,
document_820,barang,bagus,nga,nyesel,belanja,packingnya,rapih,banget,kirim,lumayan,cepat,,,,,,,,,,,,,,,,,,,,,,,,,,,,,
document_821,bahan,bagus,suka,banget,enak,pakai,cocok,pakai,jalan,,,,,,,,,,,,,,,,,,,,,,,,,,,,,,,
document_822,alhamdulilah,barang,bagus,sesuai,picture,poko,the,best,maaf,sempet,foto,udah,ambil,,,,,,,,,,,,,,,,,,,,,,,,,,,
document_823,kualitas,produk,cepat,kirim,cepat,,,,,,,,,,,,,,,,,,,,,,,,,,,,,,,,,,,
document_824,bagus,sesuai,gambar,deskripsi,mksh,selerer,,,,,,,,,,,,,,,,,,,,,,,,,,,,,,,,,,
document_825,bagus,banget,barang,pokok,recomended,nyesel,belanja,barang,muas,sukak,,,,,,,,,,,,,,,,,,,,,,,,,,,,,,
document_826,bagus,harga,segitu,mah,murah,banget,kirim,cepet,banget,makasih,,,,,,,,,,,,,,,,,,,,,,,,,,,,,,
document_827,terima,kasih,barang,sesuai,ukur,sesuai,gambar,bagus,terima,kasih,,,,,,,,,,,,,,,,,,,,,,,,,,,,,,
document_828,mantap,foto,asli,bangt,emas,cuman,plastik,aja,ku,pake,kardus,nda,papa,bagus,pol,,,,,,,,,,,,,,,,,,,,,,,,,
document_829,suka,banget,tas,kayak,tas,local,keren,parah,pokok,suka,banget,tas,kayak,tas,local,keren,parah,pokok,suka,banget,tas,kayak,tas,local,keren,parah,pokok,suka,banget,tas,kayak,tas,local,keren,parah,pokok,suka,banget,tas,ka
document_830,kualitas,produk,produk,original,harga,produk,,,,,,,,,,,,,,,,,,,,,,,,,,,,,,,,,,
document_831,barang,udah,dg,selamat,mantul,banget,baju,sesuai,gambar,lembut,tebal,halus,pokok,enak,d,pakai,makasih,toko,sl,amanah,moga,laris,kurir,ramah,,,,,,,,,,,,,,,,
